climate_udel_air_temp_v501_mean.1900.max,climate_udel_air_temp_v501_mean.1907.max,climate_udel_air_temp_v501_mean.1901.max,climate_udel_air_temp_v501_mean.1912.max,climate_udel_air_temp_v501_mean.1913.max,climate_udel_air_temp_v501_mean.1906.max,climate_udel_air_temp_v501_mean.1905.max,climate_udel_air_temp_v501_mean.1910.max,climate_udel_air_temp_v501_mean.1903.max
26.7,26.125,26.48333333333333,26.383333333333333,26.1,26.058333333333334,25.975,25.825,26.008333333333333
26.8,25.95833333333333,26.3,26.416666666666664,26.041666666666664,25.866666666666667,25.766666666666666,25.616666666666667,25.78333333333333
27.383333333333333,25.941666666666663,26.258333333333333,26.625,26.258333333333333,26.116666666666667,25.85,25.775,26.191666666666663
27.45,26.35833333333333,26.475,27.016666666666666,26.60833333333333,26.4,26.125,26.066666666666663,26.325
26.84166666666667,25.95833333333333,26.3,26.46666666666667,26.075,25.866666666666667,25.766666666666666,25.616666666666667,25.78333333333333
26.8,25.95833333333333,26.325,26.416666666666664,26.041666666666664,25.866666666666667,25.816666666666663,25.616666666666667,25.78333333333333
26.6,26.0,26.275,26.291666666666668,25.916666666666668,25.991666666666667,25.75,25.73333333333333,25.98333333333333
26.45833333333333,25.666666666666668,25.96666666666667,26.05,25.691666666666663,25.633333333333333,25.475,25.416666666666668,25.625
26.75,26.23333333333333,26.5,26.441666666666663,26.125,26.2,25.941666666666663,25.933333333333334,26.2
27.041666666666668,26.3,26.78333333333333,26.683333333333334,26.35833333333333,26.15,26.20833333333333,25.84166666666667,26.03333333333333
26.075,25.9,26.008333333333333,25.70833333333333,25.516666666666666,25.766666666666666,25.09166666666667,25.35,25.875
26.008333333333333,25.075,25.416666666666668,25.508333333333333,25.075,25.308333333333334,24.916666666666668,24.95,25.341666666666665
27.683333333333334,26.391666666666666,26.816666666666663,26.941666666666663,26.6,26.60833333333333,26.325,26.275,26.691666666666663
27.875,27.066666666666663,27.291666666666664,27.60833333333333,27.175,26.925,26.83333333333333,26.691666666666663,26.83333333333333
26.316666666666663,26.008333333333333,26.20833333333333,25.941666666666663,25.70833333333333,25.95,25.35833333333333,25.558333333333334,26.025
26.75,26.23333333333333,26.5,26.441666666666663,26.125,26.2,25.941666666666663,25.933333333333334,26.2
27.683333333333334,26.84166666666667,27.25,27.33333333333333,26.933333333333334,26.641666666666666,26.558333333333334,26.433333333333334,26.53333333333333
26.95,26.21666666666667,26.691666666666663,26.616666666666667,26.291666666666668,26.03333333333333,26.075,25.766666666666666,25.933333333333334
27.48333333333333,26.58333333333333,26.891666666666666,27.1,26.71666666666667,26.45,26.34166666666667,26.216666666666665,26.35833333333333
27.016666666666666,26.466666666666665,26.73333333333333,26.758333333333333,26.35833333333333,26.416666666666668,26.25,26.21666666666667,26.40833333333333
26.816666666666663,26.241666666666667,26.791666666666668,26.425,26.28333333333333,26.141666666666666,26.508333333333333,25.6,25.916666666666668
26.8,26.23333333333333,26.616666666666667,26.45,26.225,26.2,26.058333333333334,25.925,26.191666666666663
27.775,27.10833333333333,27.558333333333334,27.416666666666668,27.183333333333334,27.016666666666666,27.141666666666666,26.641666666666666,26.875
27.683333333333334,26.83333333333333,27.2,27.33333333333333,26.933333333333334,26.641666666666666,26.558333333333334,26.433333333333334,26.53333333333333
26.391666666666666,25.725,26.25,26.025,25.816666666666663,25.60833333333333,26.008333333333333,25.20833333333333,25.416666666666664
27.875,27.066666666666663,27.291666666666664,27.60833333333333,27.175,26.925,26.83333333333333,26.691666666666663,26.83333333333333
27.08333333333333,26.508333333333333,27.066666666666663,26.73333333333333,26.55,26.48333333333333,26.741666666666667,25.991666666666667,26.291666666666664
26.625,25.966666666666665,26.6,26.28333333333333,26.175,26.058333333333334,26.08333333333333,25.7,25.98333333333333
26.725,26.15833333333333,26.625,26.391666666666666,26.216666666666665,26.15833333333333,26.016666666666666,25.883333333333333,26.15
27.175,26.48333333333333,26.95,26.891666666666666,26.53333333333333,26.33333333333333,26.375,26.03333333333333,26.241666666666667
26.45833333333333,25.0,25.475,25.65,25.35,25.241666666666667,24.991666666666667,24.883333333333333,25.375
27.683333333333334,26.83333333333333,27.2,27.33333333333333,26.933333333333334,26.641666666666666,26.558333333333334,26.433333333333334,26.53333333333333
25.541666666666668,25.09166666666667,25.325,25.191666666666663,24.85,25.133333333333333,24.6,24.758333333333333,25.2
26.966666666666665,26.35833333333333,26.883333333333333,26.633333333333333,26.46666666666667,26.366666666666667,26.291666666666668,26.1,26.33333333333333
27.016666666666666,26.466666666666665,26.73333333333333,26.758333333333333,26.35833333333333,26.416666666666668,26.25,26.21666666666667,26.40833333333333
27.675,26.84166666666667,27.25,27.325,26.925,26.575,26.541666666666668,26.425,26.491666666666667
26.6,26.0,26.275,26.291666666666668,25.916666666666668,25.991666666666667,25.75,25.73333333333333,25.98333333333333
25.525,25.09166666666667,25.325,25.175,24.85,25.133333333333333,24.58333333333333,24.758333333333333,25.2
27.491666666666667,26.741666666666667,27.125,27.191666666666663,26.816666666666663,26.53333333333333,26.508333333333333,26.316666666666663,26.441666666666663
25.58333333333333,24.975,25.258333333333333,25.35,24.7,25.35,24.73333333333333,24.98333333333333,25.433333333333334
26.633333333333333,25.941666666666663,26.325,26.291666666666668,25.975,25.85833333333333,25.816666666666663,25.55,25.741666666666667
27.775,27.10833333333333,27.558333333333334,27.416666666666668,27.183333333333334,27.016666666666666,27.141666666666666,26.641666666666666,26.875
26.008333333333333,25.075,25.416666666666668,25.508333333333333,25.075,25.308333333333334,24.916666666666668,24.95,25.341666666666665
27.5,26.758333333333333,27.191666666666663,27.116666666666667,26.833333333333336,26.65833333333333,26.683333333333334,26.325,26.525
26.966666666666665,26.35833333333333,26.883333333333333,26.633333333333333,26.46666666666667,26.366666666666667,26.291666666666668,26.1,26.33333333333333
26.966666666666665,26.35833333333333,26.883333333333333,26.633333333333333,26.46666666666667,26.366666666666667,26.291666666666668,26.1,26.33333333333333
27.7,26.83333333333333,26.916666666666668,27.441666666666663,26.98333333333333,26.75,26.55,26.433333333333334,26.58333333333333
25.433333333333334,24.766666666666666,25.058333333333334,25.116666666666667,24.55,25.066666666666663,24.508333333333333,24.70833333333333,25.133333333333333
25.541666666666668,25.09166666666667,25.325,25.191666666666663,24.85,25.133333333333333,24.6,24.758333333333333,25.2
26.666666666666664,26.116666666666667,26.433333333333334,26.383333333333333,26.041666666666668,26.041666666666668,25.925,25.825,26.0
26.28333333333333,25.83333333333333,26.183333333333334,26.35833333333333,25.675,26.133333333333333,25.525,25.95833333333333,26.058333333333334
23.53333333333333,23.23333333333333,23.466666666666665,23.65,22.98333333333333,23.308333333333334,22.65,23.291666666666668,23.45833333333333
23.883333333333333,23.6,23.841666666666665,23.916666666666668,23.3,23.683333333333334,22.95,23.59166666666667,23.758333333333333
12.508333333333333,12.433333333333334,12.45,12.666666666666666,11.95,12.358333333333334,11.45,12.433333333333334,12.475
25.825,25.541666666666664,25.71666666666667,25.941666666666663,25.25,25.7,24.925,25.633333333333333,25.666666666666668
28.708333333333336,28.291666666666668,28.558333333333334,28.741666666666667,28.041666666666668,28.625,27.916666666666668,28.433333333333334,28.341666666666665
22.716666666666665,22.5,22.65833333333333,22.891666666666666,22.183333333333334,22.541666666666668,21.791666666666668,22.558333333333334,22.675
25.825,25.541666666666664,25.71666666666667,25.941666666666663,25.25,25.7,24.925,25.633333333333333,25.666666666666668
28.708333333333336,28.291666666666668,28.558333333333334,28.741666666666667,28.041666666666668,28.625,27.916666666666668,28.433333333333334,28.341666666666665
17.825,17.433333333333334,17.608333333333334,17.85,17.158333333333335,17.883333333333333,17.016666666666666,17.658333333333335,17.325
25.825,25.541666666666664,25.71666666666667,25.941666666666663,25.25,25.7,24.925,25.633333333333333,25.666666666666668
26.28333333333333,25.83333333333333,26.183333333333334,26.35833333333333,25.675,26.133333333333333,25.525,25.95833333333333,26.058333333333334
23.691666666666663,23.316666666666663,23.60833333333333,23.616666666666667,22.991666666666667,23.633333333333333,23.09166666666667,23.28333333333333,23.225
18.34166666666667,18.03333333333333,18.28333333333333,18.383333333333333,17.85,18.441666666666663,17.75,18.2,17.883333333333333
16.641666666666666,16.508333333333333,16.616666666666667,16.65,16.224999999999998,16.933333333333334,16.083333333333332,16.491666666666667,16.041666666666668
18.34166666666667,18.03333333333333,18.28333333333333,18.383333333333333,17.85,18.441666666666663,17.75,18.2,17.883333333333333
12.566666666666666,12.316666666666666,12.541666666666666,12.633333333333333,12.191666666666666,12.733333333333333,12.0,12.508333333333333,12.083333333333334
24.3,23.90833333333333,24.191666666666663,24.225,23.616666666666667,24.25,23.666666666666668,23.925,23.8
24.3,23.90833333333333,24.191666666666663,24.225,23.616666666666667,24.25,23.666666666666668,23.925,23.8
24.3,23.90833333333333,24.191666666666663,24.225,23.616666666666667,24.25,23.666666666666668,23.925,23.8
7.475,7.183333333333334,7.125,7.55,6.8500000000000005,7.858333333333333,6.625,7.583333333333333,6.65
13.883333333333333,13.691666666666666,13.966666666666669,14.008333333333333,13.658333333333331,14.1,13.433333333333334,13.891666666666666,13.458333333333332
19.28333333333333,18.891666666666666,19.15833333333333,19.241666666666667,18.625,19.258333333333333,18.641666666666666,18.95833333333333,18.825
13.883333333333333,13.691666666666666,13.966666666666669,14.008333333333333,13.658333333333331,14.1,13.433333333333334,13.891666666666666,13.458333333333332
18.34166666666667,18.03333333333333,18.28333333333333,18.383333333333333,17.85,18.441666666666663,17.75,18.2,17.883333333333333
13.883333333333333,13.691666666666666,13.966666666666669,14.008333333333333,13.658333333333331,14.1,13.433333333333334,13.891666666666666,13.458333333333332
24.3,23.90833333333333,24.191666666666663,24.225,23.616666666666667,24.25,23.666666666666668,23.925,23.8
13.883333333333333,13.691666666666666,13.966666666666669,14.008333333333333,13.658333333333331,14.1,13.433333333333334,13.891666666666666,13.458333333333332
19.916666666666668,19.616666666666667,19.883333333333333,19.90833333333333,19.40833333333333,19.991666666666667,19.35,19.683333333333334,19.45833333333333
16.641666666666666,16.508333333333333,16.616666666666667,16.65,16.224999999999998,16.933333333333334,16.083333333333332,16.491666666666667,16.041666666666668
24.3,23.90833333333333,24.191666666666663,24.225,23.616666666666667,24.25,23.666666666666668,23.925,23.85
15.083333333333334,14.933333333333334,15.158333333333331,15.15,14.791666666666666,15.35,14.608333333333333,15.033333333333331,14.608333333333333
24.266666666666666,23.808333333333334,24.141666666666666,24.191666666666663,23.475,24.116666666666667,23.616666666666667,23.791666666666668,23.85
7.475,7.183333333333334,7.125,7.55,6.8500000000000005,7.858333333333333,6.625,7.583333333333333,6.65
18.34166666666667,18.03333333333333,18.28333333333333,18.383333333333333,17.85,18.441666666666663,17.75,18.2,17.883333333333333
26.566666666666663,26.325,26.383333333333333,26.65,26.183333333333334,26.05,25.95833333333333,25.958333333333336,25.925
26.0,25.816666666666663,25.95833333333333,25.991666666666667,25.58333333333333,25.633333333333333,25.466666666666665,25.416666666666668,25.633333333333333
27.916666666666668,27.48333333333333,27.73333333333333,27.816666666666663,27.383333333333333,27.291666666666668,27.23333333333333,27.066666666666663,27.258333333333333
28.23333333333333,27.7,28.041666666666664,28.058333333333334,27.666666666666668,27.55,27.525,27.266666666666666,27.491666666666667
27.95833333333333,27.325,27.65833333333333,27.73333333333333,27.34166666666667,27.15,27.116666666666667,26.916666666666664,27.075
27.916666666666668,27.48333333333333,27.73333333333333,27.816666666666663,27.383333333333333,27.291666666666668,27.23333333333333,27.066666666666663,27.258333333333333
28.25,27.7,28.03333333333333,28.05,27.666666666666668,27.508333333333333,27.508333333333333,27.275,27.466666666666665
27.941666666666663,27.291666666666668,27.73333333333333,27.666666666666668,27.325,27.166666666666668,27.175,26.825,27.066666666666663
27.78333333333333,27.225,27.625,27.583333333333336,27.20833333333333,27.125,27.08333333333333,26.775,27.05
27.866666666666667,27.25,27.758333333333333,27.591666666666665,27.191666666666663,27.258333333333333,27.191666666666663,26.775,27.21666666666667
28.15833333333333,27.675,27.975,28.008333333333333,27.58333333333333,27.5,27.45833333333333,27.23333333333333,27.46666666666667
28.25,27.7,28.041666666666664,28.058333333333334,27.666666666666668,27.55,27.525,27.275,27.491666666666667
27.95833333333333,27.425,27.675,27.808333333333334,27.383333333333333,27.25,27.175,27.03333333333333,27.175
26.933333333333334,26.625,26.791666666666668,26.9,26.475,26.425,26.325,26.23333333333333,26.383333333333333
27.941666666666663,27.291666666666668,27.73333333333333,27.666666666666668,27.325,27.166666666666668,27.175,26.825,27.066666666666663
27.28333333333333,26.916666666666668,27.1,27.225,26.791666666666668,26.70833333333333,26.633333333333333,26.491666666666667,26.675
27.916666666666668,27.433333333333334,27.758333333333333,27.75,27.35,27.308333333333334,27.25,26.966666666666665,27.23333333333333
27.791666666666668,27.20833333333333,27.45833333333333,27.65833333333333,27.2,27.041666666666668,26.975,26.841666666666665,26.975
27.941666666666663,27.416666666666668,27.78333333333333,27.758333333333333,27.366666666666667,27.28333333333333,27.25,26.975,27.241666666666667
27.916666666666668,27.433333333333334,27.75,27.75,27.35,27.308333333333334,27.25,26.966666666666665,27.23333333333333
28.191666666666663,27.7,27.975,28.05,27.625,27.5,27.466666666666665,27.275,27.466666666666665
26.0,25.816666666666663,25.95833333333333,25.991666666666667,25.58333333333333,25.633333333333333,25.466666666666665,25.416666666666668,25.633333333333333
26.20833333333333,26.025,26.091666666666665,26.308333333333334,25.883333333333333,25.791666666666668,25.70833333333333,25.616666666666667,25.766666666666666
26.266666666666666,25.925,25.775,26.391666666666666,25.975,25.58333333333333,25.691666666666663,25.55,25.508333333333333
27.725,27.225,27.425,27.625,27.175,27.03333333333333,26.95,26.84166666666667,26.95
28.075,27.625,27.85,27.98333333333333,27.566666666666663,27.441666666666663,27.366666666666667,27.23333333333333,27.375
26.766666666666666,26.4,26.53333333333333,26.75,26.3,26.2,26.133333333333333,25.991666666666667,26.15
27.791666666666668,27.225,27.45833333333333,27.65833333333333,27.2,27.041666666666668,26.975,26.84166666666667,26.975
26.20833333333333,26.025,26.091666666666665,26.308333333333334,25.883333333333333,25.791666666666668,25.70833333333333,25.616666666666667,25.766666666666666
27.0,26.55,26.70833333333333,26.925,26.48333333333333,26.325,26.25,26.183333333333334,26.258333333333333
28.23333333333333,27.7,28.041666666666664,28.058333333333334,27.666666666666668,27.55,27.525,27.266666666666666,27.491666666666667
28.25,27.675,28.03333333333333,28.025,27.666666666666668,27.508333333333333,27.508333333333333,27.241666666666667,27.45
27.391666666666666,26.916666666666668,27.2,27.25,26.825,26.78333333333333,26.73333333333333,26.475,26.725
28.25,27.675,28.03333333333333,28.025,27.666666666666668,27.508333333333333,27.508333333333333,27.241666666666667,27.45
28.25,27.7,28.041666666666664,28.058333333333334,27.666666666666668,27.55,27.525,27.266666666666666,27.491666666666667
26.566666666666663,26.325,26.383333333333333,26.65,26.183333333333334,26.05,25.95833333333333,25.958333333333336,25.925
29.191666666666663,28.641666666666666,28.866666666666667,29.008333333333333,28.96666666666667,28.95,28.866666666666667,28.475,28.425
29.35833333333333,28.55,28.78333333333333,28.95833333333333,28.816666666666663,28.98333333333333,28.725,28.45,28.525
28.558333333333334,27.875,28.20833333333333,28.116666666666667,28.008333333333333,28.291666666666664,27.98333333333333,27.65,27.85
28.15833333333333,27.508333333333333,27.875,27.71666666666667,27.641666666666666,27.95833333333333,27.575,27.258333333333333,27.541666666666668
29.45,28.991666666666667,29.175,29.3,29.291666666666668,29.258333333333333,29.183333333333334,28.766666666666666,28.741666666666667
29.45,28.916666666666668,29.133333333333333,29.275,29.25,29.241666666666667,29.133333333333333,28.758333333333333,28.741666666666667
28.291666666666668,27.4,27.85833333333333,27.58333333333333,27.241666666666667,27.96666666666667,27.45833333333333,27.216666666666665,27.666666666666668
29.758333333333333,29.08333333333333,29.33333333333333,29.5,29.45833333333333,29.491666666666667,29.341666666666665,29.016666666666666,29.008333333333333
29.716666666666665,28.825,29.066666666666663,29.316666666666663,29.166666666666664,29.325,29.05,28.816666666666663,28.84166666666667
27.775,27.125,27.525,27.266666666666666,27.15833333333333,27.58333333333333,27.141666666666666,26.808333333333334,27.191666666666663
29.458333333333336,28.691666666666663,28.933333333333334,29.141666666666666,29.058333333333334,29.141666666666666,28.933333333333334,28.65833333333333,28.65833333333333
28.775,27.991666666666667,28.258333333333333,28.33333333333333,28.183333333333334,28.416666666666668,28.141666666666666,27.85833333333333,27.975
29.758333333333333,29.08333333333333,29.33333333333333,29.5,29.45833333333333,29.491666666666667,29.341666666666665,29.016666666666666,29.008333333333333
26.425,25.9,26.391666666666666,26.08333333333333,25.7,26.183333333333334,25.425,25.98333333333333,26.28333333333333
26.70833333333333,26.008333333333333,26.391666666666666,26.28333333333333,25.70833333333333,26.425,25.725,26.066666666666663,26.433333333333334
27.03333333333333,26.25,26.65833333333333,26.6,25.96666666666667,26.758333333333333,26.125,26.316666666666663,26.716666666666665
25.291666666666668,24.633333333333333,24.96666666666667,25.141666666666666,24.35,25.20833333333333,24.5,24.891666666666666,25.258333333333333
26.70833333333333,26.008333333333333,26.391666666666666,26.28333333333333,25.70833333333333,26.425,25.725,26.066666666666663,26.433333333333334
27.03333333333333,26.25,26.65833333333333,26.6,25.96666666666667,26.758333333333333,26.125,26.316666666666663,26.716666666666665
25.416666666666668,24.825,25.258333333333333,25.133333333333333,24.566666666666663,25.23333333333333,24.508333333333333,24.975,25.308333333333334
25.975,25.35833333333333,25.741666666666667,25.75,25.09166666666667,25.85,25.133333333333333,25.566666666666663,25.933333333333334
26.875,26.191666666666663,26.5,26.35833333333333,25.85833333333333,26.475,25.791666666666668,26.133333333333333,26.466666666666665
26.216666666666665,25.633333333333333,26.058333333333334,25.916666666666668,25.375,26.05,25.3,25.791666666666668,26.15
26.083333333333336,25.558333333333334,26.08333333333333,25.73333333333333,25.316666666666663,25.866666666666667,25.116666666666667,25.675,25.98333333333333
24.8,24.08333333333333,24.375,24.766666666666666,23.825,24.775,24.10833333333333,24.441666666666663,24.825
25.641666666666666,25.166666666666668,25.675,25.308333333333334,24.98333333333333,25.45833333333333,24.675,25.28333333333333,25.558333333333334
25.641666666666666,25.166666666666668,25.675,25.308333333333334,24.98333333333333,25.45833333333333,24.675,25.28333333333333,25.558333333333334
25.891666666666666,25.258333333333333,25.6,25.73333333333333,24.991666666666667,25.791666666666668,25.1,25.491666666666667,25.866666666666667
26.23333333333333,25.716666666666665,26.2,25.916666666666668,25.5,26.03333333333333,25.266666666666666,25.808333333333334,26.116666666666667
26.425,25.9,26.391666666666666,26.08333333333333,25.7,26.183333333333334,25.425,25.98333333333333,26.28333333333333
26.083333333333336,25.53333333333333,25.966666666666665,25.73333333333333,25.28333333333333,25.866666666666667,25.116666666666667,25.616666666666667,25.941666666666663
25.816666666666663,25.35833333333333,25.941666666666663,25.541666666666668,25.175,25.65833333333333,24.883333333333333,25.48333333333333,25.791666666666668
25.008333333333333,24.266666666666666,24.625,24.766666666666666,24.0,24.808333333333334,24.175,24.441666666666663,24.825
25.98333333333333,25.325,25.71666666666667,25.633333333333333,25.05,25.75,25.016666666666666,25.425,25.78333333333333
25.616666666666667,25.016666666666666,25.275,25.45833333333333,24.73333333333333,25.46666666666667,24.841666666666665,25.15,25.558333333333334
26.70833333333333,26.008333333333333,26.391666666666666,26.28333333333333,25.70833333333333,26.425,25.725,26.066666666666663,26.433333333333334
26.1,25.625,26.15833333333333,25.791666666666664,25.40833333333333,25.891666666666666,25.10833333333333,25.71666666666667,26.025
26.08333333333333,25.525,25.95833333333333,25.716666666666665,25.25,25.90833333333333,25.15833333333333,25.633333333333333,25.991666666666667
26.133333333333333,25.675,26.191666666666663,25.73333333333333,25.45,25.933333333333334,25.125,25.741666666666667,26.041666666666668
25.25,24.791666666666668,25.291666666666668,24.9,24.60833333333333,25.066666666666663,24.266666666666666,24.90833333333333,25.166666666666668
26.133333333333333,25.675,26.191666666666663,25.73333333333333,25.45,25.933333333333334,25.125,25.741666666666667,26.041666666666668
24.558333333333334,24.166666666666668,24.566666666666663,24.241666666666667,24.016666666666666,24.441666666666663,23.6,24.258333333333333,24.475
26.216666666666665,25.633333333333333,26.075,25.916666666666668,25.375,26.05,25.3,25.791666666666668,26.15
26.133333333333333,25.675,26.191666666666663,25.73333333333333,25.45,25.933333333333334,25.125,25.741666666666667,26.041666666666668
26.08333333333333,25.525,25.95833333333333,25.75,25.25,25.90833333333333,25.15833333333333,25.633333333333333,25.991666666666667
26.216666666666665,25.633333333333333,26.183333333333334,25.916666666666668,25.375,26.05,25.3,25.791666666666668,26.15
25.15,24.85833333333333,25.23333333333333,24.916666666666668,24.716666666666665,25.116666666666667,24.225,24.975,25.116666666666667
25.45,25.03333333333333,25.441666666666663,25.008333333333333,24.725,25.2,24.40833333333333,24.95833333333333,25.341666666666665
25.9,25.366666666666667,25.875,25.475,25.10833333333333,25.683333333333334,24.9,25.458333333333336,25.8
25.9,25.366666666666667,25.875,25.475,25.10833333333333,25.683333333333334,24.9,25.458333333333336,25.8
26.2,25.625,26.183333333333334,25.70833333333333,25.375,25.933333333333334,25.15,25.75,26.075000000000003
26.125,25.558333333333334,26.075,25.716666666666665,25.308333333333334,25.90833333333333,25.15833333333333,25.683333333333334,26.025
25.75,25.25,25.83333333333333,25.258333333333333,25.025,25.508333333333333,24.675,25.35833333333333,25.633333333333333
25.65833333333333,25.225,25.60833333333333,25.258333333333333,24.925,25.416666666666668,24.683333333333334,25.15,25.566666666666663
25.83333333333333,25.28333333333333,25.866666666666667,25.275,25.0,25.541666666666668,24.75,25.35833333333333,25.7
25.683333333333334,25.20833333333333,25.60833333333333,25.3,24.883333333333333,25.475,24.725,25.225,25.60833333333333
25.3,24.758333333333333,25.366666666666667,24.7,24.48333333333333,25.0,24.191666666666663,24.85,25.175
25.875,25.35,25.65833333333333,25.60833333333333,25.025,25.683333333333334,24.966666666666665,25.366666666666667,25.78333333333333
25.241666666666667,24.775,25.35,24.758333333333333,24.558333333333334,25.03333333333333,24.191666666666663,24.9,25.15
25.75,25.25,25.83333333333333,25.258333333333333,25.025,25.508333333333333,24.675,25.35833333333333,25.633333333333333
26.366666666666667,25.85,26.391666666666666,25.891666666666666,25.59166666666667,26.116666666666667,25.3,25.95,26.25
26.08333333333333,25.525,25.95833333333333,25.716666666666665,25.25,25.90833333333333,25.15833333333333,25.633333333333333,25.991666666666667
25.75,25.225,25.83333333333333,25.166666666666668,24.975,25.48333333333333,24.65,25.3,25.616666666666667
26.2,25.625,26.183333333333334,25.70833333333333,25.375,25.933333333333334,25.15,25.75,26.075000000000003
26.03333333333333,25.591666666666665,25.85,25.741666666666667,25.266666666666666,25.825,25.125,25.475,25.933333333333334
25.891666666666666,25.35,25.65833333333333,25.73333333333333,25.025,25.791666666666668,25.1,25.491666666666667,25.866666666666667
26.366666666666667,25.85,26.391666666666666,25.891666666666666,25.59166666666667,26.116666666666667,25.3,25.95,26.25
26.366666666666667,25.85,26.391666666666666,25.891666666666666,25.59166666666667,26.116666666666667,25.3,25.95,26.25
25.3,24.758333333333333,25.366666666666667,24.7,24.48333333333333,25.0,24.191666666666663,24.85,25.175
25.3,24.766666666666666,25.366666666666667,24.766666666666666,24.48333333333333,25.0,24.191666666666663,24.85,25.175
26.366666666666667,25.85,26.391666666666666,25.891666666666666,25.59166666666667,26.116666666666667,25.3,25.95,26.25
26.366666666666667,25.85,26.391666666666666,25.891666666666666,25.59166666666667,26.116666666666667,25.3,25.95,26.25
26.366666666666667,25.85,26.391666666666666,25.891666666666666,25.59166666666667,26.116666666666667,25.3,25.95,26.25
26.216666666666665,25.633333333333333,26.183333333333334,25.916666666666668,25.375,26.05,25.3,25.791666666666668,26.15
25.25,24.791666666666668,25.291666666666668,24.9,24.60833333333333,25.066666666666663,24.266666666666666,24.90833333333333,25.166666666666668
25.883333333333333,25.291666666666668,25.883333333333333,25.575,25.375,25.425,25.166666666666668,25.141666666666666,25.433333333333334
24.375,23.991666666666667,24.35,24.28333333333333,23.766666666666666,24.116666666666667,23.5,23.975,24.191666666666663
26.225,25.541666666666668,26.216666666666665,25.891666666666666,25.791666666666668,25.675,25.55,25.4,25.65
23.9,23.6,23.84166666666667,23.933333333333334,23.325,23.683333333333334,23.075,23.59166666666667,23.758333333333333
26.216666666666665,25.541666666666668,26.216666666666665,25.891666666666666,25.75,25.675,25.55,25.4,25.65
25.808333333333334,25.225,25.825,25.541666666666668,25.266666666666666,25.416666666666668,25.133333333333333,25.10833333333333,25.40833333333333
25.7,25.116666666666667,25.725,25.433333333333334,25.125,25.3,25.066666666666663,24.933333333333334,25.241666666666667
24.85833333333333,24.266666666666666,24.8,24.866666666666667,24.241666666666667,24.625,24.15833333333333,24.391666666666666,24.65833333333333
25.766666666666666,25.225,25.78333333333333,25.541666666666668,25.191666666666663,25.416666666666668,25.03333333333333,25.10833333333333,25.40833333333333
25.025,24.516666666666666,24.991666666666667,24.841666666666665,24.4,24.7,24.25,24.466666666666665,24.71666666666667
24.85833333333333,24.266666666666666,24.8,24.866666666666667,24.241666666666667,24.625,24.15833333333333,24.391666666666666,24.65833333333333
25.508333333333333,24.90833333333333,25.508333333333333,25.333333333333336,24.891666666666666,25.183333333333334,24.83333333333333,24.85833333333333,25.15
25.025,24.516666666666666,24.991666666666667,24.841666666666665,24.4,24.7,24.25,24.466666666666665,24.71666666666667
26.05,25.441666666666663,26.1,25.75,25.508333333333333,25.625,25.475,25.23333333333333,25.53333333333333
25.633333333333333,25.05,25.65,25.441666666666663,24.98333333333333,25.3,25.0,24.941666666666663,25.25
25.883333333333333,25.291666666666668,25.883333333333333,25.575,25.375,25.425,25.166666666666668,25.141666666666666,25.433333333333334
25.741666666666667,25.1,25.741666666666667,25.48333333333333,25.066666666666663,25.391666666666666,25.066666666666663,25.0,25.308333333333334
25.633333333333333,25.05,25.65,25.441666666666663,25.016666666666666,25.3,25.0,24.941666666666663,25.25
25.98333333333333,25.35833333333333,26.0,25.683333333333334,25.46666666666667,25.5,25.366666666666667,25.175,25.441666666666663
25.766666666666666,25.225,25.78333333333333,25.541666666666668,25.191666666666663,25.416666666666668,25.03333333333333,25.10833333333333,25.40833333333333
23.9,23.6,23.84166666666667,23.933333333333334,23.325,23.683333333333334,23.075,23.59166666666667,23.758333333333333
23.53333333333333,23.23333333333333,23.466666666666665,23.65,22.98333333333333,23.308333333333334,22.65,23.291666666666668,23.45833333333333
28.191666666666663,27.441666666666663,27.775,28.05,27.65833333333333,27.53333333333333,27.48333333333333,27.25,27.508333333333333
27.375,26.641666666666666,26.966666666666665,27.166666666666668,26.941666666666663,26.875,26.758333333333333,26.48333333333333,26.75
28.841666666666665,27.925,28.7,27.991666666666667,28.175,28.466666666666665,28.425,27.758333333333333,28.341666666666665
28.73333333333333,27.791666666666668,28.6,27.875,28.08333333333333,28.325,28.325,27.625,28.25
26.258333333333333,25.825,26.15,25.916666666666668,25.59166666666667,25.90833333333333,25.366666666666667,25.616666666666667,25.941666666666663
23.391666666666666,22.475,23.266666666666666,22.508333333333333,22.241666666666667,22.55,22.15,22.70833333333333,22.73333333333333
21.175,20.33333333333333,21.075,20.366666666666667,20.116666666666667,20.416666666666668,19.98333333333333,20.541666666666668,20.58333333333333
21.675,20.791666666666664,21.566666666666663,20.808333333333334,20.541666666666668,20.85833333333333,20.45833333333333,21.016666666666666,21.041666666666668
23.391666666666666,22.475,23.266666666666666,22.508333333333333,22.241666666666667,22.55,22.15,22.70833333333333,22.73333333333333
23.491666666666667,22.53333333333333,23.341666666666665,22.566666666666663,22.3,22.60833333333333,22.20833333333333,22.775,22.78333333333333
21.84166666666667,21.016666666666666,21.7,21.016666666666666,20.83333333333333,21.15,20.633333333333333,21.125,21.266666666666666
15.208333333333334,14.491666666666667,15.083333333333334,14.491666666666667,14.358333333333334,14.675,14.083333333333334,14.508333333333336,14.733333333333333
21.175,20.33333333333333,21.075,20.366666666666667,20.116666666666667,20.416666666666668,19.98333333333333,20.541666666666668,20.58333333333333
22.291666666666668,21.4,22.175,21.425,21.175,21.48333333333333,21.05,21.6,21.641666666666666
21.175,20.33333333333333,21.075,20.366666666666667,20.116666666666667,20.416666666666668,19.98333333333333,20.541666666666668,20.58333333333333
21.325,20.45,21.20833333333333,20.491666666666667,20.225,20.525,20.10833333333333,20.65,20.691666666666663
19.8,18.98333333333333,19.666666666666668,19.016666666666666,18.816666666666663,19.10833333333333,18.633333333333333,19.116666666666667,19.258333333333333
23.975,23.20833333333333,23.825,23.21666666666667,23.133333333333333,23.45,22.85,23.241666666666667,23.475
23.391666666666666,22.475,23.266666666666666,22.508333333333333,22.241666666666667,22.55,22.15,22.70833333333333,22.73333333333333
11.933333333333334,11.216666666666669,11.783333333333331,11.216666666666669,11.125,11.441666666666666,10.833333333333334,11.25,11.483333333333333
24.3,23.475,24.141666666666666,23.508333333333333,23.34166666666667,23.633333333333333,23.1,23.48333333333333,23.73333333333333
25.058333333333334,24.466666666666665,24.90833333333333,24.475,24.35833333333333,24.825,23.98333333333333,24.53333333333333,24.8
24.825,24.125,24.7,24.15833333333333,24.091666666666665,24.433333333333334,23.825,24.275,24.35833333333333
25.09166666666667,24.558333333333334,24.95833333333333,24.566666666666663,24.4,24.941666666666663,24.041666666666668,24.65833333333333,24.875
24.066666666666663,23.175,23.933333333333334,23.20833333333333,22.991666666666667,23.3,22.825,23.34166666666667,23.433333333333334
25.516666666666666,24.7,25.291666666666668,24.691666666666663,24.46666666666667,24.8,24.25,24.5,24.975
23.59166666666667,22.666666666666668,23.45,22.7,22.425,22.73333333333333,22.34166666666667,22.916666666666668,22.916666666666668
25.516666666666666,24.7,25.291666666666668,24.691666666666663,24.46666666666667,24.8,24.25,24.5,24.975
24.991666666666667,24.375,24.85833333333333,24.391666666666666,24.3,24.683333333333334,23.98333333333333,24.441666666666663,24.65
24.066666666666663,23.175,23.933333333333334,23.20833333333333,22.991666666666667,23.3,22.825,23.34166666666667,23.433333333333334
24.716666666666665,23.941666666666663,24.558333333333334,23.95,23.85833333333333,24.15,23.6,23.95,24.225
24.3,23.475,24.141666666666666,23.508333333333333,23.34166666666667,23.633333333333333,23.1,23.48333333333333,23.73333333333333
24.23333333333333,23.366666666666667,24.058333333333334,23.375,23.191666666666663,23.5,22.98333333333333,23.433333333333334,23.625
24.991666666666667,24.375,24.85833333333333,24.391666666666666,24.3,24.683333333333334,23.98333333333333,24.441666666666663,24.65
24.825,24.125,24.7,24.15833333333333,24.091666666666665,24.433333333333334,23.825,24.275,24.35833333333333
24.716666666666665,23.941666666666663,24.558333333333334,23.95,23.85833333333333,24.15,23.6,23.95,24.225
25.516666666666666,24.7,25.291666666666668,24.691666666666663,24.46666666666667,24.8,24.25,24.5,24.975
24.716666666666665,23.941666666666663,24.558333333333334,23.95,23.85833333333333,24.15,23.6,23.95,24.225
24.991666666666667,24.375,24.85833333333333,24.391666666666666,24.3,24.683333333333334,23.98333333333333,24.441666666666663,24.65
23.59166666666667,22.666666666666668,23.45,22.7,22.425,22.73333333333333,22.34166666666667,22.916666666666668,22.916666666666668
24.991666666666667,24.375,24.85833333333333,24.391666666666666,24.3,24.683333333333334,23.98333333333333,24.441666666666663,24.65
24.716666666666665,23.941666666666663,24.558333333333334,23.95,23.85833333333333,24.15,23.6,23.95,24.225
24.716666666666665,23.941666666666663,24.558333333333334,23.95,23.85833333333333,24.15,23.6,23.95,24.225
24.3,23.475,24.141666666666666,23.508333333333333,23.34166666666667,23.633333333333333,23.1,23.48333333333333,23.73333333333333
24.716666666666665,23.941666666666663,24.558333333333334,23.95,23.85833333333333,24.15,23.6,23.95,24.225
24.291666666666668,23.416666666666668,24.1,23.416666666666668,23.28333333333333,23.566666666666663,23.0,23.291666666666668,23.683333333333334
24.73333333333333,24.175,24.6,24.191666666666663,24.075,24.575,23.716666666666665,24.3,24.516666666666666
24.23333333333333,23.366666666666667,24.058333333333334,23.375,23.191666666666663,23.5,22.98333333333333,23.433333333333334,23.625
28.40833333333333,27.78333333333333,28.125,27.96666666666667,27.9,28.183333333333334,27.84166666666667,27.516666666666666,27.741666666666667
28.816666666666663,28.308333333333334,28.675,28.725,28.691666666666663,28.875,28.675,28.28333333333333,28.475
28.816666666666663,28.308333333333334,28.675,28.725,28.691666666666663,28.875,28.675,28.28333333333333,28.475
25.525,24.875,25.15833333333333,25.225,25.25,25.21666666666667,25.058333333333334,24.8,24.991666666666667
26.391666666666666,25.666666666666668,26.1,25.625,25.466666666666665,25.808333333333334,25.041666666666668,25.325,25.83333333333333
25.516666666666666,24.7,25.291666666666668,24.691666666666663,24.46666666666667,24.8,24.25,24.5,24.975
26.391666666666666,25.666666666666668,26.1,25.625,25.466666666666665,25.808333333333334,25.041666666666668,25.325,25.83333333333333
25.808333333333334,25.2,25.541666666666668,25.216666666666665,25.008333333333333,25.40833333333333,24.691666666666663,24.816666666666663,25.366666666666667
22.2,21.416666666666664,21.941666666666663,21.383333333333333,21.225,21.558333333333334,20.85833333333333,21.125,21.625
22.2,21.416666666666664,21.941666666666663,21.383333333333333,21.225,21.558333333333334,20.85833333333333,21.125,21.625
25.391666666666666,24.541666666666668,25.15833333333333,24.525,24.33333333333333,24.641666666666666,24.058333333333334,24.316666666666663,24.78333333333333
25.60833333333333,24.833333333333336,25.35833333333333,24.791666666666668,24.633333333333333,24.966666666666665,24.23333333333333,24.525,25.008333333333333
25.025,24.2,24.78333333333333,24.2,24.025,24.33333333333333,23.75,24.016666666666666,24.416666666666668
22.60833333333333,21.758333333333333,22.383333333333333,21.75,21.541666666666664,21.866666666666667,21.3,21.541666666666668,22.016666666666666
20.875,19.975,20.666666666666668,19.96666666666667,19.808333333333334,20.075,19.55,19.916666666666668,20.216666666666665
19.391666666666666,18.5,19.166666666666668,18.491666666666667,18.316666666666663,18.625,18.05,18.325,18.766666666666666
22.60833333333333,21.758333333333333,22.383333333333333,21.75,21.541666666666664,21.866666666666667,21.3,21.541666666666668,22.016666666666666
20.066666666666663,19.2,19.866666666666667,19.2,19.03333333333333,19.341666666666665,18.766666666666666,19.058333333333334,19.466666666666665
20.066666666666663,19.2,19.866666666666667,19.2,19.03333333333333,19.341666666666665,18.766666666666666,19.058333333333334,19.466666666666665
20.066666666666663,19.2,19.866666666666667,19.2,19.03333333333333,19.341666666666665,18.766666666666666,19.058333333333334,19.466666666666665
19.391666666666666,18.5,19.166666666666668,18.491666666666667,18.316666666666663,18.625,18.05,18.35,18.766666666666666
23.491666666666667,22.53333333333333,23.341666666666665,22.566666666666663,22.3,22.60833333333333,22.20833333333333,22.775,22.78333333333333
19.566666666666663,18.65833333333333,19.366666666666667,18.666666666666668,18.491666666666667,18.775,18.275,18.666666666666668,18.925
23.666666666666668,22.758333333333333,23.48333333333333,22.775,22.583333333333336,22.866666666666667,22.375,22.85,23.0
22.03333333333333,21.10833333333333,21.9,21.141666666666666,20.916666666666668,21.225,20.766666666666666,21.258333333333333,21.375
20.875,19.975,20.666666666666668,19.96666666666667,19.808333333333334,20.075,19.55,19.916666666666668,20.216666666666665
22.633333333333333,21.766666666666666,22.45,21.758333333333333,21.60833333333333,21.883333333333333,21.341666666666665,21.666666666666668,22.016666666666666
23.683333333333334,22.83333333333333,23.508333333333333,22.816666666666663,22.666666666666668,22.933333333333334,22.416666666666668,22.85,23.08333333333333
21.683333333333334,20.78333333333333,21.5,20.8,20.6,20.90833333333333,20.40833333333333,20.825,21.041666666666668
19.566666666666663,18.65833333333333,19.366666666666667,18.666666666666668,18.491666666666667,18.775,18.275,18.666666666666668,18.925
22.633333333333333,21.766666666666666,22.45,21.758333333333333,21.60833333333333,21.883333333333333,21.341666666666665,21.666666666666668,22.016666666666666
24.291666666666668,23.416666666666668,24.1,23.416666666666668,23.28333333333333,23.566666666666663,23.0,23.291666666666668,23.683333333333334
25.566666666666663,24.675,25.316666666666663,24.625,24.58333333333333,24.83333333333333,24.1,24.4,24.85
25.95833333333333,25.225,25.633333333333333,25.175,24.975,25.383333333333333,24.46666666666667,24.9,25.375
25.691666666666663,24.9,25.4,24.85833333333333,24.70833333333333,25.041666666666668,24.23333333333333,24.60833333333333,25.066666666666663
25.383333333333333,24.591666666666665,25.083333333333336,24.55,24.391666666666666,24.73333333333333,23.925,24.28333333333333,24.775
25.075,24.116666666666667,24.816666666666663,24.058333333333334,24.041666666666668,24.258333333333333,23.575,23.85,24.316666666666663
25.15833333333333,24.2,24.933333333333334,24.175,24.1,24.316666666666663,23.71666666666667,23.933333333333334,24.441666666666663
25.95833333333333,25.225,25.633333333333333,25.175,24.975,25.383333333333333,24.46666666666667,24.9,25.375
25.98333333333333,25.275,25.675,25.225,25.025,25.425,24.558333333333334,24.916666666666668,25.4
26.08333333333333,25.425,25.916666666666668,25.416666666666668,25.33333333333333,25.7,24.916666666666668,25.383333333333333,25.7
24.716666666666665,23.941666666666663,24.558333333333334,23.95,23.85833333333333,24.15,23.6,23.95,24.225
23.041666666666668,22.075,22.875,22.0,22.1,22.20833333333333,21.541666666666668,21.73333333333333,22.241666666666667
25.133333333333333,24.35,24.95833333333333,24.33333333333333,24.308333333333334,24.566666666666663,23.866666666666667,24.20833333333333,24.58333333333333
25.133333333333333,24.35,24.95833333333333,24.33333333333333,24.308333333333334,24.566666666666663,23.866666666666667,24.20833333333333,24.58333333333333
26.08333333333333,25.425,25.916666666666668,25.416666666666668,25.33333333333333,25.7,24.916666666666668,25.383333333333333,25.7
26.08333333333333,25.425,25.916666666666668,25.416666666666668,25.33333333333333,25.7,24.916666666666668,25.383333333333333,25.7
24.08333333333333,23.21666666666667,23.883333333333333,23.191666666666663,23.133333333333333,23.375,22.808333333333334,23.08333333333333,23.491666666666667
24.08333333333333,23.21666666666667,23.883333333333333,23.191666666666663,23.133333333333333,23.375,22.808333333333334,23.08333333333333,23.491666666666667
26.08333333333333,25.425,25.916666666666668,25.416666666666668,25.33333333333333,25.7,24.916666666666668,25.383333333333333,25.7
25.058333333333334,24.466666666666665,24.90833333333333,24.475,24.35833333333333,24.825,23.98333333333333,24.53333333333333,24.8
27.55,26.566666666666663,26.96666666666667,27.008333333333333,26.575,26.9,26.475,26.516666666666666,26.9
25.741666666666667,24.8,25.166666666666668,25.125,24.83333333333333,25.23333333333333,24.85,24.758333333333333,24.95
27.716666666666665,26.825,27.191666666666663,27.225,26.758333333333333,27.2,26.71666666666667,26.78333333333333,27.175
27.716666666666665,26.825,27.191666666666663,27.225,26.758333333333333,27.2,26.71666666666667,26.78333333333333,27.175
27.65,26.708333333333336,27.125,27.041666666666668,26.7,27.191666666666663,26.741666666666667,26.65833333333333,26.975
27.141666666666666,26.1,26.48333333333333,26.566666666666663,26.183333333333334,26.375,25.991666666666667,26.008333333333333,26.4
28.90833333333333,28.041666666666668,28.33333333333333,28.4,28.225,28.475,28.166666666666668,27.95,28.1
27.825,26.59166666666667,26.96666666666667,27.125,26.841666666666665,26.941666666666663,26.641666666666666,26.53333333333333,26.808333333333334
27.808333333333334,26.95,27.28333333333333,27.266666666666666,27.05,27.383333333333333,27.05,26.83333333333333,27.041666666666668
25.8,25.03333333333333,25.391666666666666,25.441666666666663,24.85833333333333,25.441666666666663,24.875,25.075,25.48333333333333
25.616666666666667,25.016666666666666,25.275,25.45833333333333,24.73333333333333,25.46666666666667,24.841666666666665,25.15,25.558333333333334
26.333333333333336,25.3,25.666666666666668,25.675,25.35833333333333,25.675,25.291666666666664,25.225,25.525
27.85,26.775,27.125,27.183333333333334,26.933333333333334,27.15833333333333,26.84166666666667,26.7,26.95833333333333
27.45833333333333,26.441666666666663,26.825,26.891666666666666,26.508333333333333,26.808333333333334,26.391666666666666,26.375,26.766666666666666
25.58333333333333,24.975,25.258333333333333,25.35,24.7,25.35,24.73333333333333,24.98333333333333,25.433333333333334
28.95,27.891666666666666,28.216666666666665,28.35833333333333,28.10833333333333,28.28333333333333,27.98333333333333,27.83333333333333,28.03333333333333
27.55,26.566666666666663,26.96666666666667,27.008333333333333,26.575,26.9,26.475,26.516666666666666,26.9
27.85833333333333,27.008333333333333,27.366666666666667,27.4,26.90833333333333,27.433333333333334,26.90833333333333,26.991666666666667,27.375
27.45833333333333,26.35,26.73333333333333,26.83333333333333,26.475,26.691666666666663,26.325,26.275,26.675
25.8,25.03333333333333,25.391666666666666,25.441666666666663,24.85833333333333,25.441666666666663,24.875,25.075,25.48333333333333
27.45833333333333,26.441666666666663,26.825,26.891666666666666,26.508333333333333,26.808333333333334,26.391666666666666,26.375,26.766666666666666
27.35833333333333,26.55,26.883333333333333,26.941666666666663,26.383333333333333,26.958333333333336,26.416666666666668,26.558333333333334,26.95833333333333
27.85833333333333,27.008333333333333,27.366666666666667,27.4,26.90833333333333,27.433333333333334,26.90833333333333,26.991666666666667,27.375
26.558333333333334,25.758333333333333,26.133333333333333,26.133333333333333,25.525,26.266666666666666,25.65,25.825,26.23333333333333
27.85833333333333,27.008333333333333,27.366666666666667,27.4,26.90833333333333,27.433333333333334,26.90833333333333,26.991666666666667,27.375
27.85833333333333,27.008333333333333,27.366666666666667,27.4,26.90833333333333,27.433333333333334,26.90833333333333,26.991666666666667,27.375
28.03333333333333,26.725,27.116666666666667,27.291666666666668,26.991666666666667,27.041666666666668,26.75,26.675,27.016666666666666
25.2,24.891666666666666,25.33333333333333,24.683333333333334,24.35,25.058333333333334,24.016666666666666,24.816666666666663,25.23333333333333
24.166666666666668,23.866666666666667,24.216666666666665,23.925,23.441666666666663,24.0,23.133333333333333,23.808333333333334,24.08333333333333
24.34166666666667,24.09166666666667,24.491666666666667,23.833333333333336,23.45,24.25,23.1,24.03333333333333,24.425
24.966666666666665,24.675,25.1,24.466666666666665,24.133333333333333,24.841666666666665,23.791666666666668,24.59166666666667,24.991666666666667
19.98333333333333,19.73333333333333,19.991666666666667,19.83333333333333,19.28333333333333,19.791666666666668,18.916666666666668,19.7,19.90833333333333
24.75,24.45833333333333,24.866666666666667,24.35,23.933333333333334,24.60833333333333,23.641666666666666,24.375,24.766666666666666
24.166666666666668,23.866666666666667,24.216666666666665,24.008333333333333,23.5,24.0,23.20833333333333,23.808333333333334,24.08333333333333
20.275,20.041666666666668,20.35,20.016666666666666,19.525,20.175,19.191666666666663,20.016666666666666,20.25
22.925,22.683333333333334,22.90833333333333,22.9,22.3,22.73333333333333,21.95,22.666666666666668,22.825
20.2,20.0,20.35833333333333,19.741666666666667,19.3,20.15,18.975,19.90833333333333,20.316666666666663
18.441666666666663,18.25,18.625,17.891666666666666,17.483333333333334,18.40833333333333,17.141666666666666,18.166666666666668,18.6
20.2,20.0,20.35833333333333,19.741666666666667,19.3,20.15,18.975,19.90833333333333,20.316666666666663
25.2,24.891666666666666,25.33333333333333,24.683333333333334,24.35,25.058333333333334,24.016666666666666,24.816666666666663,25.23333333333333
27.366666666666667,26.725,27.008333333333333,27.09166666666667,27.125,27.066666666666663,26.916666666666668,26.625,26.85833333333333
27.566666666666663,26.933333333333334,27.266666666666666,27.191666666666663,27.28333333333333,27.225,27.175,26.883333333333333,27.166666666666668
27.566666666666663,26.933333333333334,27.266666666666666,27.191666666666663,27.28333333333333,27.225,27.175,26.883333333333333,27.166666666666668
28.15,27.433333333333334,27.933333333333334,27.45833333333333,27.65,27.691666666666663,27.666666666666668,27.2,27.633333333333333
27.566666666666663,26.933333333333334,27.266666666666666,27.191666666666663,27.28333333333333,27.225,27.175,26.883333333333333,27.166666666666668
27.525,26.841666666666665,27.166666666666668,27.23333333333333,27.25,27.225,27.05,26.758333333333333,26.975
27.566666666666663,26.933333333333334,27.266666666666666,27.191666666666663,27.28333333333333,27.225,27.175,26.883333333333333,27.166666666666668
27.9,27.21666666666667,27.525,27.55,27.633333333333333,27.53333333333333,27.425,27.20833333333333,27.35833333333333
27.566666666666663,26.933333333333334,27.266666666666666,27.191666666666663,27.28333333333333,27.225,27.175,26.883333333333333,27.166666666666668
28.166666666666668,27.441666666666663,27.933333333333334,27.675,27.8,27.73333333333333,27.666666666666668,27.35833333333333,27.633333333333333
28.166666666666668,27.441666666666663,27.933333333333334,27.73333333333333,27.816666666666663,27.73333333333333,27.666666666666668,27.383333333333333,27.633333333333333
27.3,26.71666666666667,27.025,27.016666666666666,27.058333333333334,27.05,26.991666666666667,26.65,26.98333333333333
28.166666666666668,27.441666666666663,27.808333333333334,27.675,27.8,27.73333333333333,27.65833333333333,27.35833333333333,27.625
27.9,27.21666666666667,27.525,27.55,27.633333333333333,27.53333333333333,27.425,27.20833333333333,27.35833333333333
26.258333333333333,25.825,26.15,25.916666666666668,25.59166666666667,25.90833333333333,25.366666666666667,25.616666666666667,25.941666666666663
15.758333333333333,15.666666666666668,15.808333333333334,15.816666666666666,15.633333333333336,15.925,14.975,15.833333333333332,15.808333333333334
15.758333333333333,15.666666666666668,15.808333333333334,15.816666666666666,15.633333333333336,15.925,14.975,15.833333333333332,15.808333333333334
15.758333333333333,15.666666666666668,15.808333333333334,15.816666666666666,15.633333333333336,15.925,14.975,15.833333333333332,15.808333333333334
15.758333333333333,15.666666666666668,15.808333333333334,15.816666666666666,15.633333333333336,15.925,14.975,15.833333333333332,15.808333333333334
26.46666666666667,25.933333333333334,26.03333333333333,26.058333333333334,25.60833333333333,25.933333333333334,25.241666666666667,25.83333333333333,26.016666666666666
25.2,24.65833333333333,25.08333333333333,24.675,24.516666666666666,24.95833333333333,24.10833333333333,24.683333333333334,24.95
26.241666666666667,25.73333333333333,26.183333333333334,25.875,25.5,25.98333333333333,25.191666666666663,25.758333333333333,26.066666666666663
26.641666666666666,26.09166666666667,26.191666666666663,26.21666666666667,25.75,26.10833333333333,25.416666666666668,25.98333333333333,26.166666666666668
25.641666666666666,25.166666666666668,25.675,25.308333333333334,24.98333333333333,25.45833333333333,24.675,25.28333333333333,25.558333333333334
26.925,26.275,26.525,26.40833333333333,25.95833333333333,26.45,25.766666666666666,26.175,26.475
24.08333333333333,23.816666666666663,24.1,23.90833333333333,23.725,24.08333333333333,23.2,23.916666666666668,24.05
24.03333333333333,23.675,23.991666666666667,23.758333333333333,23.575,23.96666666666667,23.075,23.791666666666668,23.925
24.916666666666668,24.45,24.883333333333333,24.53333333333333,24.291666666666668,24.73333333333333,23.925,24.516666666666666,24.775
26.925,26.266666666666666,26.508333333333333,26.40833333333333,25.95,26.45,25.766666666666666,26.175,26.475
26.8,26.225,26.383333333333333,26.35,25.875,26.308333333333334,25.60833333333333,26.1,26.375
26.525,25.95833333333333,26.10833333333333,26.058333333333334,25.625,25.991666666666667,25.241666666666667,25.83333333333333,26.05
26.425,25.9,26.391666666666666,26.08333333333333,25.7,26.183333333333334,25.425,25.98333333333333,26.28333333333333
26.55,26.008333333333333,26.391666666666666,26.15,25.70833333333333,26.183333333333334,25.425,25.98333333333333,26.28333333333333
26.55,26.008333333333333,26.391666666666666,26.15,25.70833333333333,26.183333333333334,25.425,25.98333333333333,26.28333333333333
26.53333333333333,25.85833333333333,26.241666666666667,26.08333333333333,25.575,26.225,25.5,25.883333333333333,26.21666666666667
25.09166666666667,24.558333333333334,24.95833333333333,24.566666666666663,24.4,24.941666666666663,24.041666666666668,24.65833333333333,24.875
26.85,26.225,26.491666666666667,26.366666666666667,25.9,26.425,25.73333333333333,26.15,26.441666666666663
26.55,26.008333333333333,26.2,26.15,25.70833333333333,26.1,25.391666666666666,25.941666666666663,26.166666666666668
24.266666666666666,23.808333333333334,24.141666666666666,24.191666666666663,23.475,24.116666666666667,23.616666666666667,23.791666666666668,23.85
25.541666666666668,25.0,25.425,25.525,24.85,25.375,24.883333333333333,25.075,25.23333333333333
25.133333333333333,24.516666666666666,25.1,25.05,24.5,24.85,24.466666666666665,24.55,24.83333333333333
24.275,23.65,24.183333333333334,24.191666666666663,23.508333333333333,24.025,23.675,23.65833333333333,23.95
25.541666666666668,25.0,25.425,25.525,24.85,25.375,24.883333333333333,25.075,25.23333333333333
24.85833333333333,24.266666666666666,24.8,24.866666666666667,24.241666666666667,24.625,24.15833333333333,24.391666666666666,24.65833333333333
25.133333333333333,24.516666666666666,25.1,25.05,24.5,24.85,24.466666666666665,24.55,24.83333333333333
25.391666666666666,24.775,25.366666666666667,25.266666666666666,24.741666666666667,25.09166666666667,24.766666666666666,24.78333333333333,25.075
24.775,24.25,24.60833333333333,24.441666666666663,23.65,24.416666666666668,24.133333333333333,23.891666666666666,24.275
24.95833333333333,24.35,24.891666666666666,24.808333333333334,24.2,24.666666666666668,24.33333333333333,24.308333333333334,24.60833333333333
24.758333333333333,24.03333333333333,24.65,24.78333333333333,24.125,24.508333333333333,24.2,24.241666666666667,24.525
25.5,24.891666666666666,25.48333333333333,25.308333333333334,24.816666666666663,25.208333333333336,24.866666666666667,24.816666666666663,25.125
25.541666666666668,25.0,25.425,25.525,24.85,25.375,24.883333333333333,25.075,25.23333333333333
25.5,24.891666666666666,25.48333333333333,25.308333333333334,24.816666666666663,25.208333333333336,24.866666666666667,24.816666666666663,25.125
24.95833333333333,24.35,24.891666666666666,24.808333333333334,24.2,24.666666666666668,24.33333333333333,24.308333333333334,24.60833333333333
26.28333333333333,25.83333333333333,26.183333333333334,26.35833333333333,25.675,26.133333333333333,25.525,25.95833333333333,26.058333333333334
24.35,23.691666666666663,24.25,24.40833333333333,23.766666666666666,24.116666666666667,23.716666666666665,23.90833333333333,24.166666666666668
24.758333333333333,24.20833333333333,24.65833333333333,24.525,23.84166666666667,24.45,24.141666666666666,24.008333333333333,24.33333333333333
25.491666666666667,24.866666666666667,25.48333333333333,25.2,24.75,25.15,24.808333333333334,24.716666666666665,25.016666666666666
24.816666666666663,24.15833333333333,24.741666666666667,24.741666666666667,24.133333333333333,24.541666666666668,24.23333333333333,24.23333333333333,24.541666666666668
23.9,23.5,23.84166666666667,23.933333333333334,23.325,23.666666666666668,23.075,23.55,23.75
24.758333333333333,24.03333333333333,24.65,24.78333333333333,24.125,24.508333333333333,24.2,24.241666666666667,24.525
25.34166666666667,24.591666666666665,24.90833333333333,24.975,25.008333333333333,25.075,24.85833333333333,24.6,24.71666666666667
25.34166666666667,24.591666666666665,24.90833333333333,24.975,25.008333333333333,25.075,24.85833333333333,24.6,24.71666666666667
26.241666666666667,25.541666666666668,25.85,25.891666666666666,25.916666666666668,25.991666666666667,25.825,25.491666666666667,25.55
28.558333333333334,27.60833333333333,27.883333333333333,28.191666666666663,28.025,28.041666666666668,27.85833333333333,27.633333333333333,27.666666666666664
25.45,24.683333333333334,25.008333333333333,25.075,25.08333333333333,25.15,24.95833333333333,24.666666666666668,24.791666666666668
28.508333333333333,27.683333333333334,27.98333333333333,28.183333333333334,28.066666666666663,28.1,27.916666666666668,27.666666666666668,27.741666666666667
26.616666666666667,25.825,26.133333333333333,26.291666666666668,26.191666666666663,26.2,26.041666666666668,25.78333333333333,25.9
28.0,27.325,27.666666666666668,27.758333333333333,27.725,27.683333333333334,27.516666666666666,27.191666666666663,27.45833333333333
28.633333333333333,27.683333333333334,27.941666666666663,28.241666666666667,28.116666666666667,28.166666666666668,27.941666666666663,27.70833333333333,27.725
26.241666666666667,25.541666666666668,25.85,25.891666666666666,25.916666666666668,25.991666666666667,25.825,25.491666666666667,25.55
28.041666666666668,27.075,27.366666666666667,27.766666666666666,27.425,27.33333333333333,27.20833333333333,27.016666666666666,27.15833333333333
27.83333333333333,27.133333333333333,27.441666666666663,27.575,27.491666666666667,27.46666666666667,27.316666666666663,27.008333333333333,27.225
26.691666666666663,25.90833333333333,26.2,26.34166666666667,26.316666666666663,26.33333333333333,26.15,25.883333333333333,25.96666666666667
25.966666666666665,25.066666666666663,25.4,25.65,25.433333333333334,25.391666666666666,25.258333333333333,25.016666666666666,25.166666666666668
27.875,26.825,27.03333333333333,27.475,27.20833333333333,27.216666666666665,26.991666666666667,26.816666666666663,26.883333333333333
25.625,24.916666666666668,25.2,25.35,25.366666666666667,25.366666666666667,25.166666666666668,24.975,25.025
28.25,27.258333333333333,27.491666666666667,27.891666666666666,27.666666666666668,27.675,27.458333333333336,27.275,27.308333333333334
26.616666666666667,25.825,26.133333333333333,26.291666666666668,26.191666666666663,26.2,26.041666666666668,25.78333333333333,25.9
28.0,27.325,27.666666666666668,27.758333333333333,27.725,27.683333333333334,27.516666666666666,27.191666666666663,27.45833333333333
26.4,25.5,25.78333333333333,26.1,25.866666666666667,25.808333333333334,25.666666666666668,25.433333333333334,25.575
25.45,24.683333333333334,25.008333333333333,25.075,25.08333333333333,25.15,24.95833333333333,24.666666666666668,24.791666666666668
27.83333333333333,27.133333333333333,27.441666666666663,27.575,27.491666666666667,27.46666666666667,27.316666666666663,27.008333333333333,27.225
28.508333333333333,27.683333333333334,27.98333333333333,28.183333333333334,28.066666666666663,28.1,27.916666666666668,27.666666666666668,27.741666666666667
27.525,26.841666666666665,27.166666666666668,27.23333333333333,27.25,27.225,27.05,26.758333333333333,26.975
25.558333333333334,24.758333333333333,25.116666666666667,25.133333333333333,25.15,25.3,25.08333333333333,24.766666666666666,24.866666666666667
28.258333333333333,27.508333333333333,27.816666666666663,27.891666666666666,27.891666666666666,27.966666666666665,27.78333333333333,27.475,27.53333333333333
25.833333333333336,24.925,25.325,25.625,25.175,25.03333333333333,25.03333333333333,24.78333333333333,25.08333333333333
28.508333333333333,27.683333333333334,27.98333333333333,28.183333333333334,28.066666666666663,28.1,27.916666666666668,27.666666666666668,27.741666666666667
25.09166666666667,24.28333333333333,24.641666666666666,24.625,24.65833333333333,24.825,24.59166666666667,24.291666666666668,24.40833333333333
25.625,24.866666666666667,25.2,25.275,25.28333333333333,25.366666666666667,25.166666666666668,24.883333333333333,24.991666666666667
27.90833333333333,26.98333333333333,26.875,27.691666666666663,27.21666666666667,26.95833333333333,26.616666666666667,26.58333333333333,26.766666666666666
26.90833333333333,25.941666666666663,26.183333333333334,26.633333333333333,26.183333333333334,25.98333333333333,25.883333333333333,25.71666666666667,25.941666666666663
27.275,26.258333333333333,26.525,26.95,26.625,26.58333333333333,26.40833333333333,26.225,26.33333333333333
28.041666666666668,27.075,27.366666666666667,27.766666666666666,27.425,27.33333333333333,27.20833333333333,27.016666666666666,27.15833333333333
27.0,26.55,26.70833333333333,26.925,26.48333333333333,26.325,26.25,26.183333333333334,26.258333333333333
27.98333333333333,27.0,27.325,27.7,27.291666666666664,27.15,27.075,26.891666666666666,27.1
28.191666666666663,27.441666666666663,27.775,28.05,27.65833333333333,27.53333333333333,27.48333333333333,27.25,27.508333333333333
28.1,27.316666666666663,27.616666666666667,27.941666666666663,27.5,27.35833333333333,27.34166666666667,27.125,27.375
28.516666666666666,27.20833333333333,27.575,27.8,27.525,27.53333333333333,27.258333333333333,27.133333333333333,27.441666666666663
27.90833333333333,26.98333333333333,26.875,27.691666666666663,27.21666666666667,26.95833333333333,26.616666666666667,26.58333333333333,26.75
27.758333333333333,26.741666666666667,26.85833333333333,27.4,27.025,26.883333333333333,26.65833333333333,26.516666666666666,26.7
28.53333333333333,27.191666666666663,27.45833333333333,27.875,27.508333333333333,27.391666666666666,27.125,27.0,27.375
28.10833333333333,27.03333333333333,27.175,27.716666666666665,27.34166666666667,27.28333333333333,27.05,26.9,27.016666666666666
27.875,27.20833333333333,27.45833333333333,27.65833333333333,27.2,27.041666666666668,26.975,26.841666666666665,26.975
26.591666666666665,25.416666666666668,25.933333333333334,26.275,25.75,25.541666666666668,25.575,25.291666666666668,25.73333333333333
27.558333333333334,26.566666666666663,26.9,27.28333333333333,26.891666666666666,26.78333333333333,26.691666666666663,26.475,26.683333333333334
27.758333333333333,26.741666666666667,26.85833333333333,27.4,27.025,26.883333333333333,26.65833333333333,26.516666666666666,26.7
27.683333333333334,27.016666666666666,27.308333333333334,27.616666666666667,27.125,26.891666666666666,26.95,26.791666666666668,26.975
28.40833333333333,26.84166666666667,27.35,27.516666666666666,27.225,27.15833333333333,26.891666666666666,26.791666666666664,27.266666666666666
28.525,27.191666666666663,27.45833333333333,27.875,27.508333333333333,27.375,27.10833333333333,26.991666666666667,27.375
27.808333333333334,27.20833333333333,27.45833333333333,27.65833333333333,27.2,27.041666666666668,26.975,26.841666666666665,26.975
27.683333333333334,27.016666666666666,27.308333333333334,27.616666666666667,27.125,26.891666666666666,26.95,26.791666666666668,26.975
28.53333333333333,27.191666666666663,27.45833333333333,27.875,27.508333333333333,27.375,27.10833333333333,26.991666666666667,27.375
27.675,26.825,26.916666666666668,27.425,26.98333333333333,26.758333333333333,26.58333333333333,26.46666666666667,26.616666666666667
27.966666666666665,27.116666666666667,27.08333333333333,27.758333333333333,27.28333333333333,27.03333333333333,26.8,26.725,26.866666666666667
29.183333333333334,28.075,28.375,28.616666666666667,28.366666666666667,28.475,28.191666666666663,28.025,28.191666666666663
27.966666666666665,27.116666666666667,27.316666666666663,27.758333333333333,27.28333333333333,27.03333333333333,26.83333333333333,26.725,26.866666666666667
27.683333333333334,27.016666666666666,27.308333333333334,27.616666666666667,27.125,26.891666666666666,26.95,26.791666666666668,26.975
28.40833333333333,26.84166666666667,27.35,27.516666666666666,27.225,27.15833333333333,26.891666666666666,26.791666666666664,27.266666666666666
27.383333333333333,26.40833333333333,26.566666666666663,27.091666666666665,26.666666666666668,26.48333333333333,26.316666666666663,26.166666666666668,26.366666666666667
27.966666666666665,27.116666666666667,27.08333333333333,27.758333333333333,27.28333333333333,27.03333333333333,26.8,26.725,26.866666666666667
27.025,26.78333333333333,26.85,27.15833333333333,26.65,26.516666666666666,26.45833333333333,26.441666666666663,26.391666666666666
27.025,26.78333333333333,26.85,27.15833333333333,26.65,26.516666666666666,26.45833333333333,26.441666666666663,26.391666666666666
26.258333333333333,25.825,26.15,25.916666666666668,25.59166666666667,25.90833333333333,25.366666666666667,25.616666666666667,25.941666666666663
26.258333333333333,25.825,26.15,25.916666666666668,25.59166666666667,25.90833333333333,25.366666666666667,25.616666666666667,25.941666666666663
28.53333333333333,26.975,27.416666666666668,27.683333333333334,27.366666666666667,27.241666666666667,26.975,26.883333333333333,27.375
27.883333333333333,26.991666666666667,27.4,27.25,26.816666666666663,27.5,26.975,26.90833333333333,27.341666666666665
28.225,27.2,27.725,27.383333333333333,26.933333333333334,27.816666666666663,27.291666666666668,27.066666666666663,27.566666666666663
27.45833333333333,26.5,26.95833333333333,26.758333333333333,26.28333333333333,27.075,26.516666666666666,26.416666666666668,26.891666666666666
27.266666666666666,26.325,26.775,26.59166666666667,26.041666666666668,26.9,26.3,26.275,26.741666666666667
26.933333333333334,26.216666666666665,26.60833333333333,26.40833333333333,26.241666666666667,26.683333333333334,26.25,25.991666666666667,26.33333333333333
27.316666666666663,26.45,26.85,26.75,26.433333333333334,26.916666666666668,26.475,26.35833333333333,26.666666666666668
27.583333333333336,26.741666666666667,27.116666666666667,27.116666666666667,26.6,27.20833333333333,26.675,26.75,27.141666666666666
28.183333333333334,27.016666666666666,27.566666666666663,27.20833333333333,26.65833333333333,27.7,27.125,26.925,27.475
27.883333333333333,26.991666666666667,27.4,27.25,26.816666666666663,27.5,26.975,26.90833333333333,27.341666666666665
28.225,27.2,27.725,27.383333333333333,26.933333333333334,27.816666666666663,27.291666666666668,27.066666666666663,27.566666666666663
27.166666666666668,26.258333333333333,26.683333333333334,26.425,25.90833333333333,26.741666666666667,26.116666666666667,26.15833333333333,26.625
27.808333333333334,26.95,27.28333333333333,27.266666666666666,27.05,27.383333333333333,27.05,26.83333333333333,27.041666666666668
27.166666666666668,26.258333333333333,26.683333333333334,26.425,25.90833333333333,26.741666666666667,26.116666666666667,26.15833333333333,26.625
27.508333333333333,26.625,27.066666666666663,26.925,26.45,27.125,26.58333333333333,26.59166666666667,27.03333333333333
27.766666666666666,26.95833333333333,27.391666666666666,27.191666666666663,26.925,27.46666666666667,27.016666666666666,26.78333333333333,27.15833333333333
28.183333333333334,27.03333333333333,27.575,27.23333333333333,26.675,27.725,27.15833333333333,26.95833333333333,27.48333333333333
28.225,27.2,27.725,27.383333333333333,26.933333333333334,27.816666666666663,27.291666666666668,27.066666666666663,27.566666666666663
28.183333333333334,27.03333333333333,27.575,27.23333333333333,26.675,27.725,27.15833333333333,26.95833333333333,27.48333333333333
28.183333333333334,27.03333333333333,27.575,27.23333333333333,26.675,27.725,27.15833333333333,26.95833333333333,27.48333333333333
27.95,27.066666666666663,27.475,27.366666666666667,27.025,27.58333333333333,27.075,26.975,27.35833333333333
27.883333333333333,26.991666666666667,27.4,27.25,26.816666666666663,27.5,26.975,26.90833333333333,27.341666666666665
28.183333333333334,27.016666666666666,27.566666666666663,27.20833333333333,26.65833333333333,27.7,27.125,26.925,27.475
27.025,26.016666666666666,26.491666666666667,26.241666666666667,25.7,26.60833333333333,26.016666666666666,25.95,26.45833333333333
28.291666666666668,27.4,27.85833333333333,27.58333333333333,27.241666666666667,27.96666666666667,27.45833333333333,27.216666666666665,27.666666666666668
27.03333333333333,26.25,26.65833333333333,26.6,25.96666666666667,26.758333333333333,26.125,26.316666666666663,26.716666666666665
27.83333333333333,26.73333333333333,27.23333333333333,26.925,26.375,27.375,26.775,26.625,27.166666666666668
27.65,26.708333333333336,27.125,27.041666666666668,26.7,27.191666666666663,26.741666666666667,26.65833333333333,26.975
27.575,26.741666666666667,27.116666666666667,27.116666666666667,26.575,27.20833333333333,26.65833333333333,26.75,27.141666666666666
27.766666666666666,26.95833333333333,27.391666666666666,27.191666666666663,26.925,27.46666666666667,27.016666666666666,26.78333333333333,27.15833333333333
27.95,27.066666666666663,27.475,27.366666666666667,27.025,27.58333333333333,27.075,26.975,27.35833333333333
26.05,25.441666666666663,26.1,25.75,25.508333333333333,25.625,25.475,25.23333333333333,25.53333333333333
27.575,26.96666666666667,27.58333333333333,27.25,26.85833333333333,27.08333333333333,26.825,26.516666666666666,26.941666666666663
26.05,25.441666666666663,26.1,25.75,25.508333333333333,25.625,25.475,25.23333333333333,25.53333333333333
26.066666666666663,25.375,26.125,25.7,25.425,25.691666666666663,25.375,25.25,25.541666666666668
26.866666666666667,26.175,27.15833333333333,26.508333333333333,26.275,26.316666666666663,26.266666666666666,25.808333333333334,26.34166666666667
27.9,27.266666666666666,27.95,27.6,27.25,27.325,27.258333333333333,26.766666666666666,27.291666666666668
26.85,26.141666666666666,26.95,26.416666666666668,26.20833333333333,26.48333333333333,26.133333333333333,25.975,26.3
27.558333333333334,26.875,27.941666666666663,27.23333333333333,26.966666666666665,26.95833333333333,26.991666666666667,26.258333333333333,27.066666666666663
26.71666666666667,25.991666666666667,26.883333333333333,26.266666666666666,26.10833333333333,26.308333333333334,26.058333333333334,25.808333333333334,26.15833333333333
27.375,26.6,27.516666666666666,26.83333333333333,26.725,27.0,26.60833333333333,26.491666666666667,26.78333333333333
27.225,26.575,27.091666666666665,26.941666666666663,26.633333333333333,26.46666666666667,26.525,26.091666666666665,26.33333333333333
27.041666666666668,26.433333333333334,27.066666666666663,26.683333333333334,26.508333333333333,26.458333333333336,26.691666666666663,25.925,26.258333333333333
27.08333333333333,26.508333333333333,27.066666666666663,26.73333333333333,26.55,26.48333333333333,26.75,25.991666666666667,26.308333333333334
27.90833333333333,27.35,27.875,27.508333333333333,27.391666666666666,27.216666666666665,27.716666666666665,26.65,26.941666666666663
26.916666666666668,26.33333333333333,26.98333333333333,26.6,26.383333333333333,26.45833333333333,26.558333333333334,25.95,26.308333333333334
27.90833333333333,27.35,27.875,27.508333333333333,27.391666666666666,27.216666666666665,27.716666666666665,26.65,26.941666666666663
27.258333333333333,26.58333333333333,27.541666666666668,26.925,26.666666666666668,26.666666666666668,26.691666666666663,26.0,26.70833333333333
26.55,25.9,26.758333333333333,26.225,25.975,25.95,26.016666666666666,25.34166666666667,25.95
27.041666666666668,26.433333333333334,27.066666666666663,26.683333333333334,26.508333333333333,26.458333333333336,26.691666666666663,25.925,26.258333333333333
26.508333333333333,25.85833333333333,26.525,26.191666666666663,26.091666666666665,26.008333333333333,25.95,25.616666666666667,25.95
27.941666666666663,27.291666666666668,27.73333333333333,27.666666666666668,27.325,27.166666666666668,27.175,26.825,27.066666666666663
27.90833333333333,27.35,27.875,27.508333333333333,27.391666666666666,27.216666666666665,27.716666666666665,26.65,26.941666666666663
27.225,26.575,27.091666666666665,26.941666666666663,26.633333333333333,26.46666666666667,26.525,26.091666666666665,26.33333333333333
27.9,27.266666666666666,27.95,27.6,27.25,27.325,27.258333333333333,26.766666666666666,27.291666666666668
26.825,26.21666666666667,26.85833333333333,26.491666666666667,26.28333333333333,26.308333333333334,26.416666666666668,25.85833333333333,26.175
27.141666666666666,26.558333333333334,27.083333333333336,26.875,26.53333333333333,26.516666666666666,26.491666666666667,26.058333333333334,26.45833333333333
29.025,28.5,28.875,28.975,28.95,29.1,28.85,28.566666666666663,28.766666666666666
28.875,28.425,28.558333333333334,28.916666666666668,28.883333333333333,28.758333333333333,28.59166666666667,28.53333333333333,28.575
29.025,28.5,28.875,28.975,28.95,29.1,28.85,28.566666666666663,28.766666666666666
28.575,28.33333333333333,28.466666666666665,28.591666666666665,28.6,28.475,28.48333333333333,28.03333333333333,27.891666666666666
28.875,28.425,28.558333333333334,28.916666666666668,28.883333333333333,28.758333333333333,28.59166666666667,28.53333333333333,28.575
29.266666666666666,28.791666666666668,29.058333333333334,29.133333333333333,29.141666666666666,29.15833333333333,29.05,28.78333333333333,29.05
28.875,28.425,28.558333333333334,28.916666666666668,28.883333333333333,28.758333333333333,28.59166666666667,28.53333333333333,28.575
29.025,28.5,28.875,28.933333333333334,28.90833333333333,29.1,28.85,28.541666666666668,28.766666666666666
28.60833333333333,28.46666666666667,28.558333333333334,28.683333333333334,28.691666666666663,28.508333333333333,28.575,28.075,27.891666666666666
29.025,28.5,28.875,28.975,28.95,29.1,28.85,28.566666666666663,28.766666666666666
27.85833333333333,27.191666666666663,27.35,27.75,27.758333333333333,27.541666666666668,27.35833333333333,27.341666666666665,27.28333333333333
27.075,26.416666666666668,26.45,27.116666666666667,27.10833333333333,26.691666666666663,26.508333333333333,26.70833333333333,26.48333333333333
28.34166666666667,27.791666666666668,28.066666666666663,28.258333333333333,28.23333333333333,28.258333333333333,28.075,27.841666666666665,27.95
28.875,28.425,28.558333333333334,28.916666666666668,28.883333333333333,28.758333333333333,28.59166666666667,28.53333333333333,28.575
28.70833333333333,28.20833333333333,28.525,28.59166666666667,28.6,28.70833333333333,28.516666666666666,28.20833333333333,28.35833333333333
28.325,27.741666666666667,27.85833333333333,28.316666666666663,28.308333333333334,28.10833333333333,27.9,27.925,27.841666666666665
29.025,28.491666666666667,28.758333333333333,28.975,28.95,28.95833333333333,28.758333333333333,28.566666666666663,28.683333333333334
27.84166666666667,27.291666666666668,27.558333333333334,27.65833333333333,27.65833333333333,27.70833333333333,27.541666666666668,27.225,27.291666666666668
28.25,27.616666666666667,27.84166666666667,28.141666666666666,28.125,28.041666666666664,27.85833333333333,27.741666666666667,27.75
25.275,24.78333333333333,25.316666666666663,24.891666666666666,24.675,24.925,24.35833333333333,24.7,25.08333333333333
25.691666666666663,25.116666666666667,25.691666666666663,25.33333333333333,25.133333333333333,25.25,24.866666666666667,25.008333333333333,25.308333333333334
25.775,25.15,25.758333333333333,25.375,25.241666666666667,25.25,24.95833333333333,25.03333333333333,25.3
26.141666666666666,25.45,26.10833333333333,25.758333333333333,25.70833333333333,25.53333333333333,25.383333333333333,25.341666666666665,25.59166666666667
25.425,25.05,25.441666666666663,24.991666666666667,24.73333333333333,25.15833333333333,24.40833333333333,24.866666666666667,25.275
25.383333333333333,24.866666666666667,25.4,25.08333333333333,24.791666666666668,25.041666666666668,24.53333333333333,24.791666666666668,25.058333333333334
25.883333333333333,25.441666666666663,25.875,25.475,25.28333333333333,25.525,24.98333333333333,25.216666666666665,25.591666666666665
24.875,24.40833333333333,24.883333333333333,24.691666666666663,24.25,24.575,24.025,24.341666666666665,24.60833333333333
25.558333333333334,25.20833333333333,25.53333333333333,25.133333333333333,24.85833333333333,25.308333333333334,24.55,24.975,25.416666666666668
25.59166666666667,25.066666666666663,25.58333333333333,25.33333333333333,25.008333333333333,25.225,24.83333333333333,24.96666666666667,25.23333333333333
26.225,25.508333333333333,26.2,25.85833333333333,25.791666666666668,25.616666666666667,25.516666666666666,25.383333333333333,25.641666666666666
25.816666666666663,25.2,25.8,25.466666666666665,25.28333333333333,25.325,25.025,25.09166666666667,25.35
24.841666666666665,24.45833333333333,24.866666666666667,24.616666666666667,24.191666666666663,24.60833333333333,23.95833333333333,24.383333333333333,24.766666666666666
25.59166666666667,25.066666666666663,25.58333333333333,25.33333333333333,25.008333333333333,25.225,24.83333333333333,24.96666666666667,25.23333333333333
25.675,25.258333333333333,25.691666666666663,25.258333333333333,25.0,25.35,24.675,25.08333333333333,25.45
25.275,24.78333333333333,25.316666666666663,24.891666666666666,24.675,24.925,24.35833333333333,24.7,25.08333333333333
25.2,24.891666666666666,25.33333333333333,24.758333333333333,24.475,25.058333333333334,24.133333333333333,24.816666666666663,25.23333333333333
26.475,25.691666666666663,26.45,26.066666666666663,26.091666666666665,25.78333333333333,25.808333333333334,25.575,25.791666666666664
26.716666666666665,25.90833333333333,26.65833333333333,26.275,26.33333333333333,26.0,25.991666666666667,25.816666666666663,26.041666666666668
25.883333333333333,25.441666666666663,25.875,25.475,25.3,25.525,25.0,25.216666666666665,25.591666666666665
25.60833333333333,25.225,25.575,25.15833333333333,24.891666666666666,25.35,24.558333333333334,25.041666666666664,25.46666666666667
26.716666666666665,25.90833333333333,26.65833333333333,26.275,26.33333333333333,26.0,25.991666666666667,25.816666666666663,26.041666666666668
25.85833333333333,25.35,25.85,25.46666666666667,25.3,25.433333333333334,25.0,25.166666666666668,25.48333333333333
25.85833333333333,25.35,25.85,25.46666666666667,25.3,25.433333333333334,25.0,25.166666666666668,25.48333333333333
26.166666666666668,25.575,26.116666666666667,25.791666666666668,25.675,25.641666666666666,25.375,25.366666666666667,25.65833333333333
25.225,24.891666666666666,25.33333333333333,24.775,24.475,25.058333333333334,24.141666666666666,24.816666666666663,25.23333333333333
26.591666666666665,25.9,26.525,26.191666666666663,26.15,25.975,25.85,25.7,25.98333333333333
25.691666666666663,25.116666666666667,25.691666666666663,25.33333333333333,25.133333333333333,25.25,24.866666666666667,25.008333333333333,25.308333333333334
26.716666666666665,25.90833333333333,26.65833333333333,26.275,26.33333333333333,26.0,25.991666666666667,25.816666666666663,26.041666666666668
26.025,25.816666666666663,25.95,25.675,25.391666666666666,25.766666666666666,25.058333333333334,25.383333333333333,25.891666666666666
26.316666666666663,26.008333333333333,26.20833333333333,25.941666666666663,25.70833333333333,25.95,25.35833333333333,25.558333333333334,26.025
25.60833333333333,25.275,25.575,25.191666666666663,24.925,25.35,24.58333333333333,25.041666666666664,25.46666666666667
25.85833333333333,25.48333333333333,25.791666666666664,25.475,25.141666666666666,25.616666666666667,24.883333333333333,25.291666666666668,25.741666666666667
25.566666666666663,25.225,25.575,25.175,24.96666666666667,25.258333333333333,24.633333333333333,24.933333333333334,25.33333333333333
26.025,25.725,25.933333333333334,25.675,25.35833333333333,25.766666666666666,25.058333333333334,25.425,25.891666666666666
25.83333333333333,25.558333333333334,25.78333333333333,25.45,25.2,25.575,24.84166666666667,25.166666666666668,25.666666666666668
25.85833333333333,25.558333333333334,25.791666666666664,25.475,25.2,25.616666666666667,24.883333333333333,25.291666666666668,25.741666666666667
25.9,25.366666666666667,25.875,25.475,25.10833333333333,25.683333333333334,24.9,25.458333333333336,25.8
26.258333333333333,25.866666666666667,26.15,25.891666666666666,25.7,25.833333333333336,25.35833333333333,25.5,25.9
26.1,25.866666666666667,26.025,25.741666666666667,25.48333333333333,25.83333333333333,25.116666666666667,25.433333333333334,25.941666666666663
25.625,25.225,25.6,25.191666666666663,24.9,25.4,24.616666666666667,25.1,25.5
26.4,25.825,26.316666666666663,26.03333333333333,25.883333333333333,25.866666666666667,25.633333333333333,25.575,25.891666666666666
25.85833333333333,25.48333333333333,25.791666666666664,25.475,25.141666666666666,25.616666666666667,24.883333333333333,25.291666666666668,25.741666666666667
26.116666666666667,25.95833333333333,26.091666666666665,25.758333333333333,25.575,25.825,25.133333333333333,25.4,25.925
26.725,26.15833333333333,26.625,26.391666666666666,26.216666666666665,26.15833333333333,26.016666666666666,25.883333333333333,26.15
26.03333333333333,25.725,25.933333333333334,25.741666666666667,25.35833333333333,25.825,25.125,25.475,25.933333333333334
26.116666666666667,25.95833333333333,26.091666666666665,25.758333333333333,25.575,25.825,25.133333333333333,25.4,25.925
26.558333333333334,26.025,26.45833333333333,26.21666666666667,26.03333333333333,26.041666666666668,25.8,25.73333333333333,26.05
25.60833333333333,25.275,25.575,25.191666666666663,24.925,25.35,24.58333333333333,25.041666666666664,25.46666666666667
26.2,25.7,26.125,25.83333333333333,25.65833333333333,25.725,25.35833333333333,25.416666666666668,25.775
26.1,25.866666666666667,26.025,25.741666666666667,25.48333333333333,25.83333333333333,25.116666666666667,25.433333333333334,25.941666666666663
25.566666666666663,25.225,25.575,25.175,24.96666666666667,25.258333333333333,24.633333333333333,24.933333333333334,25.33333333333333
26.558333333333334,26.025,26.45833333333333,26.21666666666667,26.03333333333333,26.041666666666668,25.8,25.73333333333333,26.05
25.625,25.225,25.6,25.191666666666663,24.9,25.4,24.616666666666667,25.1,25.5
26.1,25.866666666666667,26.025,25.741666666666667,25.48333333333333,25.83333333333333,25.125,25.475,25.941666666666663
25.466666666666665,25.03333333333333,25.441666666666663,25.041666666666668,24.741666666666667,25.241666666666667,24.441666666666663,24.966666666666665,25.366666666666667
25.85833333333333,25.48333333333333,25.791666666666664,25.475,25.141666666666666,25.616666666666667,24.883333333333333,25.291666666666668,25.741666666666667
26.058333333333334,25.65833333333333,26.008333333333333,25.691666666666663,25.508333333333333,25.65833333333333,25.191666666666663,25.341666666666665,25.725
26.258333333333333,25.95833333333333,26.15,25.891666666666666,25.7,25.833333333333336,25.35,25.5,25.925
25.98333333333333,25.59166666666667,25.875,25.65,25.258333333333333,25.758333333333333,25.025,25.425,25.85833333333333
26.116666666666667,25.95833333333333,26.091666666666665,25.758333333333333,25.575,25.825,25.133333333333333,25.4,25.925
25.83333333333333,25.558333333333334,25.78333333333333,25.45,25.2,25.575,24.84166666666667,25.166666666666668,25.666666666666668
25.59166666666667,25.066666666666663,25.58333333333333,25.33333333333333,25.008333333333333,25.225,24.83333333333333,24.96666666666667,25.23333333333333
24.875,24.441666666666663,24.883333333333333,24.691666666666663,24.25,24.58333333333333,24.025,24.383333333333333,24.675
25.883333333333333,25.291666666666668,25.883333333333333,25.575,25.375,25.425,25.166666666666668,25.141666666666666,25.433333333333334
24.375,23.991666666666667,24.35,24.28333333333333,23.766666666666666,24.116666666666667,23.5,23.975,24.191666666666663
26.591666666666665,25.9,26.525,26.191666666666663,26.15,25.975,25.85,25.7,25.98333333333333
26.716666666666665,25.90833333333333,26.65833333333333,26.275,26.33333333333333,26.0,25.991666666666667,25.816666666666663,26.041666666666668
28.83333333333333,28.366666666666667,28.675,28.758333333333333,28.73333333333333,28.875,28.675,28.316666666666663,28.475
29.025,28.5,28.875,28.975,28.95,29.1,28.85,28.566666666666663,28.766666666666666
28.291666666666668,27.891666666666666,28.09166666666667,28.21666666666667,28.20833333333333,28.166666666666668,28.1,27.691666666666663,27.65
28.60833333333333,28.46666666666667,28.558333333333334,28.683333333333334,28.691666666666663,28.508333333333333,28.575,28.075,27.875
28.666666666666668,28.075,28.53333333333333,28.516666666666666,28.48333333333333,28.816666666666663,28.5,28.116666666666667,28.40833333333333
28.83333333333333,28.366666666666667,28.641666666666666,28.758333333333333,28.73333333333333,28.808333333333334,28.641666666666666,28.316666666666663,28.383333333333333
28.60833333333333,28.46666666666667,28.558333333333334,28.683333333333334,28.691666666666663,28.508333333333333,28.575,28.075,27.891666666666666
28.28333333333333,27.825,28.091666666666665,28.116666666666667,28.15,28.20833333333333,28.10833333333333,27.78333333333333,28.10833333333333
29.266666666666666,28.791666666666668,29.058333333333334,29.133333333333333,29.141666666666666,29.15833333333333,29.05,28.78333333333333,29.05
26.1,25.95,26.041666666666668,25.741666666666667,25.525,25.83333333333333,25.116666666666667,25.433333333333334,25.941666666666663
26.03333333333333,25.59166666666667,25.875,25.741666666666667,25.266666666666666,25.825,25.125,25.475,25.933333333333334
26.966666666666665,26.35833333333333,26.883333333333333,26.633333333333333,26.46666666666667,26.366666666666667,26.291666666666668,26.1,26.33333333333333
26.316666666666663,26.008333333333333,26.20833333333333,25.941666666666663,25.70833333333333,25.95,25.35833333333333,25.558333333333334,26.025
25.616666666666667,25.016666666666666,25.275,25.45833333333333,24.73333333333333,25.46666666666667,24.841666666666665,25.15,25.558333333333334
26.8,26.23333333333333,26.616666666666667,26.45,26.225,26.2,26.058333333333334,25.925,26.191666666666663
26.03333333333333,25.59166666666667,25.875,25.741666666666667,25.266666666666666,25.825,25.125,25.475,25.933333333333334
27.84166666666667,27.291666666666668,27.558333333333334,27.65833333333333,27.65833333333333,27.70833333333333,27.541666666666668,27.225,27.291666666666668
27.85833333333333,27.191666666666663,27.35,27.75,27.758333333333333,27.541666666666668,27.35833333333333,27.341666666666665,27.28333333333333
28.03333333333333,27.316666666666663,27.53333333333333,27.73333333333333,27.816666666666663,27.566666666666663,27.45833333333333,27.383333333333333,27.425
27.9,27.21666666666667,27.525,27.55,27.633333333333333,27.53333333333333,27.425,27.20833333333333,27.35833333333333
27.775,27.10833333333333,27.558333333333334,27.416666666666668,27.183333333333334,27.016666666666666,27.141666666666666,26.641666666666666,26.875
26.508333333333333,25.85833333333333,26.525,26.191666666666663,26.0,26.008333333333333,25.95,25.616666666666667,25.95
27.775,27.10833333333333,27.558333333333334,27.416666666666668,27.183333333333334,27.016666666666666,27.3,26.641666666666666,26.875
26.625,25.966666666666665,26.6,26.28333333333333,26.175,26.058333333333334,26.08333333333333,25.683333333333334,25.966666666666665
27.08333333333333,26.508333333333333,27.066666666666663,26.73333333333333,26.55,26.48333333333333,26.741666666666667,25.991666666666667,26.308333333333334
27.941666666666663,27.291666666666668,27.73333333333333,27.666666666666668,27.325,27.166666666666668,27.175,26.825,27.066666666666663
26.65,26.05,26.725,26.33333333333333,26.15833333333333,26.23333333333333,26.241666666666667,25.775,26.1
28.85833333333333,27.85833333333333,28.091666666666665,28.416666666666668,28.25,28.4,28.116666666666667,27.916666666666668,27.90833333333333
29.191666666666663,28.316666666666663,28.558333333333334,28.73333333333333,28.558333333333334,28.75,28.475,28.21666666666667,28.325
27.75,26.725,26.95833333333333,27.33333333333333,27.191666666666663,27.3,27.03333333333333,26.85,26.8
29.183333333333334,28.075,28.375,28.616666666666667,28.366666666666667,28.475,28.191666666666663,28.025,28.191666666666663
28.758333333333333,27.683333333333334,27.95,28.216666666666665,27.966666666666665,28.116666666666667,27.841666666666665,27.65,27.766666666666666
28.25,27.166666666666668,27.383333333333333,27.775,27.525,27.53333333333333,27.28333333333333,27.133333333333333,27.241666666666667
27.90833333333333,26.84166666666667,27.058333333333334,27.475,27.23333333333333,27.3,27.05,26.883333333333333,26.916666666666664
28.375,27.4,27.60833333333333,27.96666666666667,27.825,27.916666666666668,27.666666666666668,27.45833333333333,27.441666666666663
29.716666666666665,28.825,29.066666666666663,29.316666666666663,29.166666666666664,29.325,29.05,28.816666666666663,28.84166666666667
28.375,27.433333333333334,27.65833333333333,27.96666666666667,27.825,27.916666666666668,27.683333333333334,27.45833333333333,27.441666666666663
28.383333333333333,27.125,27.416666666666668,27.775,27.45833333333333,27.391666666666666,27.125,27.0,27.291666666666668
28.816666666666663,27.65,27.975,28.191666666666663,27.941666666666663,28.008333333333333,27.725,27.58333333333333,27.825
28.25,27.166666666666668,27.383333333333333,27.775,27.525,27.53333333333333,27.28333333333333,27.133333333333333,27.241666666666667
28.041666666666664,26.98333333333333,27.175,27.633333333333333,27.34166666666667,27.3,27.05,26.9,27.008333333333333
28.758333333333333,27.633333333333333,27.9,28.216666666666665,27.966666666666665,28.03333333333333,27.758333333333333,27.6,27.758333333333333
29.183333333333334,28.075,28.375,28.616666666666667,28.366666666666667,28.475,28.191666666666663,28.025,28.191666666666663
29.183333333333334,28.075,28.375,28.616666666666667,28.366666666666667,28.475,28.191666666666663,28.025,28.191666666666663
28.525,27.466666666666665,27.7,28.016666666666666,27.816666666666663,27.925,27.641666666666666,27.45833333333333,27.53333333333333
27.875,26.825,27.03333333333333,27.475,27.20833333333333,27.216666666666665,26.991666666666667,26.816666666666663,26.883333333333333
28.525,27.466666666666665,27.7,28.016666666666666,27.816666666666663,27.925,27.641666666666666,27.45833333333333,27.53333333333333
29.35833333333333,28.55,28.78333333333333,28.95833333333333,28.816666666666663,28.98333333333333,28.725,28.45,28.525
29.191666666666663,28.316666666666663,28.558333333333334,28.73333333333333,28.558333333333334,28.75,28.475,28.21666666666667,28.325
28.941666666666663,27.941666666666663,28.225,28.383333333333333,28.15833333333333,28.375,28.066666666666663,27.85833333333333,28.03333333333333
28.716666666666665,27.683333333333334,27.95,28.175,27.966666666666665,28.116666666666667,27.841666666666665,27.65,27.766666666666666
29.716666666666665,28.825,29.066666666666663,29.316666666666663,29.166666666666664,29.325,29.05,28.816666666666663,28.84166666666667
28.85833333333333,27.85833333333333,28.091666666666665,28.416666666666668,28.25,28.4,28.116666666666667,27.916666666666668,27.90833333333333
27.75,26.725,26.95833333333333,27.33333333333333,27.191666666666663,27.3,27.03333333333333,26.85,26.8
28.25,27.258333333333333,27.491666666666667,27.891666666666666,27.666666666666668,27.675,27.458333333333336,27.275,27.308333333333334
28.9,28.058333333333334,28.3,28.558333333333334,28.466666666666665,28.5,28.308333333333334,28.05,28.058333333333334
28.9,28.058333333333334,28.3,28.558333333333334,28.466666666666665,28.5,28.308333333333334,28.05,28.058333333333334
28.633333333333333,27.683333333333334,27.941666666666663,28.241666666666667,28.116666666666667,28.166666666666668,27.941666666666663,27.70833333333333,27.725
23.491666666666667,22.53333333333333,23.341666666666665,22.566666666666663,22.3,22.60833333333333,22.20833333333333,22.775,22.78333333333333
23.391666666666666,22.475,23.266666666666666,22.508333333333333,22.241666666666667,22.55,22.15,22.70833333333333,22.73333333333333
23.59166666666667,22.666666666666668,23.45,22.7,22.425,22.73333333333333,22.34166666666667,22.916666666666668,22.916666666666668
19.8,18.98333333333333,19.666666666666668,19.016666666666666,18.816666666666663,19.10833333333333,18.633333333333333,19.116666666666667,19.258333333333333
23.491666666666667,22.53333333333333,23.341666666666665,22.566666666666663,22.3,22.60833333333333,22.20833333333333,22.775,22.78333333333333
24.23333333333333,23.366666666666667,24.058333333333334,23.375,23.191666666666663,23.5,22.98333333333333,23.433333333333334,23.625
24.3,23.475,24.141666666666666,23.508333333333333,23.34166666666667,23.633333333333333,23.1,23.48333333333333,23.73333333333333
24.291666666666668,23.416666666666668,24.1,23.416666666666668,23.28333333333333,23.566666666666663,23.0,23.291666666666668,23.683333333333334
24.716666666666665,23.941666666666663,24.558333333333334,23.95,23.85833333333333,24.15,23.6,23.95,24.225
25.60833333333333,25.016666666666666,25.45833333333333,25.03333333333333,24.891666666666666,25.325,24.5,25.016666666666666,25.325
27.041666666666668,26.3,26.78333333333333,26.683333333333334,26.35833333333333,26.15,26.291666666666668,25.84166666666667,26.03333333333333
25.391666666666666,24.541666666666668,25.15833333333333,24.525,24.33333333333333,24.641666666666666,24.058333333333334,24.316666666666663,24.78333333333333
22.60833333333333,21.758333333333333,22.383333333333333,21.75,21.541666666666664,21.866666666666667,21.3,21.541666666666668,22.016666666666666
24.183333333333334,23.325,23.95,23.316666666666663,23.133333333333333,23.45,22.866666666666667,23.133333333333333,23.558333333333334
25.625,24.75,25.425,24.766666666666666,24.59166666666667,24.891666666666666,24.325,24.641666666666666,24.991666666666667
22.633333333333333,21.766666666666666,22.45,21.758333333333333,21.60833333333333,21.883333333333333,21.341666666666665,21.666666666666668,22.016666666666666
24.183333333333334,23.325,23.95,23.316666666666663,23.133333333333333,23.45,22.866666666666667,23.133333333333333,23.558333333333334
22.60833333333333,21.758333333333333,22.383333333333333,21.75,21.541666666666664,21.866666666666667,21.3,21.541666666666668,22.016666666666666
25.766666666666666,25.225,25.78333333333333,25.541666666666668,25.191666666666663,25.416666666666668,25.03333333333333,25.10833333333333,25.40833333333333
25.883333333333333,25.291666666666668,25.883333333333333,25.575,25.375,25.425,25.166666666666668,25.141666666666666,25.433333333333334
25.59166666666667,25.066666666666663,25.58333333333333,25.33333333333333,25.008333333333333,25.225,24.83333333333333,24.96666666666667,25.23333333333333
25.766666666666666,25.225,25.78333333333333,25.541666666666668,25.191666666666663,25.416666666666668,25.03333333333333,25.10833333333333,25.40833333333333
25.766666666666666,25.225,25.78333333333333,25.541666666666668,25.191666666666663,25.416666666666668,25.03333333333333,25.10833333333333,25.40833333333333
25.883333333333333,25.291666666666668,25.883333333333333,25.575,25.375,25.425,25.166666666666668,25.141666666666666,25.433333333333334
25.766666666666666,25.225,25.78333333333333,25.541666666666668,25.191666666666663,25.416666666666668,25.03333333333333,25.10833333333333,25.40833333333333
25.59166666666667,25.066666666666663,25.58333333333333,25.33333333333333,25.008333333333333,25.225,24.83333333333333,24.96666666666667,25.23333333333333
25.883333333333333,25.291666666666668,25.883333333333333,25.575,25.375,25.425,25.166666666666668,25.141666666666666,25.433333333333334
25.59166666666667,25.066666666666663,25.58333333333333,25.33333333333333,25.008333333333333,25.225,24.83333333333333,24.96666666666667,25.23333333333333
25.59166666666667,25.066666666666663,25.58333333333333,25.33333333333333,25.008333333333333,25.225,24.83333333333333,24.96666666666667,25.23333333333333
24.466666666666665,24.025,24.383333333333333,24.075,23.9,24.366666666666667,23.475,24.116666666666667,24.325
26.875,26.2,26.5,26.366666666666667,25.9,26.475,25.791666666666668,26.15,26.466666666666665
26.425,25.9,26.391666666666666,26.08333333333333,25.7,26.183333333333334,25.425,25.98333333333333,26.28333333333333
23.141666666666666,22.9,23.10833333333333,23.008333333333333,22.84166666666667,23.183333333333334,22.275,23.025,23.1
28.633333333333333,27.683333333333334,27.941666666666663,28.241666666666667,28.116666666666667,28.166666666666668,27.941666666666663,27.70833333333333,27.725
28.95,27.941666666666663,28.225,28.383333333333333,28.15833333333333,28.375,28.066666666666663,27.85833333333333,28.03333333333333
26.8,26.23333333333333,26.625,26.45,26.225,26.2,26.058333333333334,25.925,26.191666666666663
24.3,23.475,24.141666666666666,23.508333333333333,23.34166666666667,23.633333333333333,23.1,23.48333333333333,23.73333333333333
24.066666666666663,23.175,23.933333333333334,23.20833333333333,22.991666666666667,23.3,22.825,23.34166666666667,23.433333333333334
21.175,20.33333333333333,21.075,20.366666666666667,20.116666666666667,20.416666666666668,19.98333333333333,20.541666666666668,20.58333333333333
21.675,20.791666666666664,21.566666666666663,20.808333333333334,20.541666666666668,20.85833333333333,20.45833333333333,21.016666666666666,21.041666666666668
21.675,20.791666666666664,21.566666666666663,20.808333333333334,20.541666666666668,20.85833333333333,20.45833333333333,21.016666666666666,21.041666666666668
24.65833333333333,23.933333333333334,24.391666666666666,23.9,23.71666666666667,24.066666666666663,23.35833333333333,23.633333333333333,24.1
25.391666666666666,24.541666666666668,25.15833333333333,24.525,24.33333333333333,24.641666666666666,24.058333333333334,24.316666666666663,24.78333333333333
19.925,19.09166666666667,19.691666666666663,19.058333333333334,18.90833333333333,19.225,18.591666666666665,18.85833333333333,19.325
27.84166666666667,27.291666666666668,27.558333333333334,27.65833333333333,27.65833333333333,27.70833333333333,27.541666666666668,27.225,27.291666666666668
28.575,28.33333333333333,28.466666666666665,28.591666666666665,28.6,28.475,28.48333333333333,28.03333333333333,27.891666666666666
28.60833333333333,28.46666666666667,28.558333333333334,28.683333333333334,28.691666666666663,28.508333333333333,28.575,28.075,27.891666666666666
28.83333333333333,28.366666666666667,28.641666666666666,28.758333333333333,28.73333333333333,28.808333333333334,28.641666666666666,28.316666666666663,28.383333333333333
28.816666666666663,28.308333333333334,28.675,28.725,28.691666666666663,28.875,28.675,28.28333333333333,28.475
29.266666666666666,28.791666666666668,29.058333333333334,29.133333333333333,29.141666666666666,29.15833333333333,29.05,28.78333333333333,29.05
25.433333333333334,24.766666666666666,25.058333333333334,25.116666666666667,24.55,25.066666666666663,24.508333333333333,24.70833333333333,25.133333333333333
